1,6/1/2016,4,/R,RENT,,375.00,,375.00
1,6/1/2016,5,/S,SEWER,,20.25,,20.25
1,6/1/2016,6,/T,TRASH,,20.00,,20.00
1,6/1/2016,7,/CF,CITY,,8.31,,8.31
2,6/1/2016,4,/R,RENT,,375.00,,375.00
2,6/1/2016,5,/S,SEWER,,20.25,,20.25
2,6/1/2016,6,/T,TRASH,,20.00,,20.00
2,6/1/2016,7,/CF,CITY,,8.31,,8.31
4,6/1/2016,4,/R,RENT,,326.00,,326.00
4,6/1/2016,5,/S,SEWER,,20.25,,20.25
4,6/1/2016,6,/T,TRASH,,20.00,,20.00
5,6/1/2016,4,/R,RENT,,326.00,,326.00
5,6/1/2016,5,/S,SEWER,,20.25,,20.25
5,6/1/2016,6,/T,TRASH,,20.00,,20.00
5,6/1/2016,7,/CF,CITY,,7.33,,7.33
6,6/1/2016,4,/R,RENT,,326.00,,326.00
6,6/1/2016,5,/S,SEWER,,20.25,,20.25
6,6/1/2016,6,/T,TRASH,,20.00,,20.00
6,6/1/2016,7,/CF,CITY,,7.33,,7.33
7,6/1/2016,4,/R,RENT,,326.00,,326.00
7,6/1/2016,5,/S,SEWER,,20.25,,20.25
7,6/1/2016,6,/T,TRASH,,20.00,,20.00
7,6/1/2016,7,/CF,CITY,,7.53,,7.53
7,6/1/2016,8,/P,PET,,10.00,,10.00
8,6/1/2016,4,/R,RENT,,375.00,,375.00
8,6/1/2016,5,/S,SEWER,,20.25,,20.25
8,6/1/2016,6,/T,TRASH,,20.00,,20.00
8,6/1/2016,7,/CF,CITY,,7.53,,7.53
9,6/1/2016,4,/R,RENT,,326.00,,326.00
9,6/1/2016,5,/S,SEWER,,20.25,,20.25
9,6/1/2016,6,/T,TRASH,,20.00,,20.00
9,6/1/2016,7,/CF,CITY,,7.33,,7.33
10,6/1/2016,4,/R,RENT,,326.00,,326.00
10,6/1/2016,5,/S,SEWER,,20.25,,20.25
10,6/1/2016,6,/T,TRASH,,20.00,,20.00
10,6/1/2016,7,/CF,CITY,,7.33,,7.33
11,6/1/2016,4,/R,RENT,,375.00,,375.00
11,6/1/2016,5,/S,SEWER,,20.25,,20.25
11,6/1/2016,6,/T,TRASH,,20.00,,20.00
11,6/1/2016,7,/CF,CITY,,8.31,,8.31
12,6/1/2016,4,/R,RENT,,326.00,,326.00
12,6/1/2016,5,/S,SEWER,,20.25,,20.25
12,6/1/2016,6,/T,TRASH,,20.00,,20.00
12,6/1/2016,7,/CF,CITY,,7.43,,7.43
12,6/1/2016,8,/P,PET,,5.00,,5.00
13,6/1/2016,4,/R,RENT,,326.00,,326.00
13,6/1/2016,5,/S,SEWER,,20.25,,20.25
13,6/1/2016,6,/T,TRASH,,20.00,,20.00
13,6/1/2016,7,/CF,CITY,,7.43,,7.43
13,6/1/2016,8,/P,PET,,5.00,,5.00
14,6/1/2016,4,/R,RENT,,326.00,,326.00
14,6/1/2016,5,/S,SEWER,,20.25,,20.25
14,6/1/2016,6,/T,TRASH,,20.00,,20.00
14,6/1/2016,7,/CF,CITY,,7.33,,7.33
15,6/1/2016,4,/R,RENT,,326.00,,326.00
15,6/1/2016,5,/S,SEWER,,20.25,,20.25
15,6/1/2016,6,/T,TRASH,,20.00,,20.00
15,6/1/2016,7,/CF,CITY,,7.33,,7.33
16,6/1/2016,4,/R,RENT,,375.00,,375.00
16,6/1/2016,5,/S,SEWER,,20.25,,20.25
16,6/1/2016,6,/T,TRASH,,20.00,,20.00
16,6/1/2016,7,/CF,CITY,,8.31,,8.31
17,6/1/2016,4,/R,RENT,,326.00,,326.00
17,6/1/2016,5,/S,SEWER,,20.25,,20.25
17,6/1/2016,6,/T,TRASH,,20.00,,20.00
17,6/1/2016,7,/CF,CITY,,7.33,,7.33
18,6/1/2016,4,/R,RENT,,326.00,,326.00
18,6/1/2016,5,/S,SEWER,,20.25,,20.25
18,6/1/2016,6,/T,TRASH,,20.00,,20.00
18,6/1/2016,7,/CF,CITY,,7.43,,7.43
19,6/1/2016,4,/R,RENT,,326.00,,326.00
19,6/1/2016,5,/S,SEWER,,20.25,,20.25
19,6/1/2016,6,/T,TRASH,,20.00,,20.00
19,6/1/2016,7,/CF,CITY,,7.33,,7.33
20,6/1/2016,4,/R,RENT,,326.00,,326.00
20,6/1/2016,5,/S,SEWER,,20.25,,20.25
20,6/1/2016,6,/T,TRASH,,20.00,,20.00
20,6/1/2016,7,/CF,CITY,,7.43,,7.43
20,6/1/2016,8,/P,PET,,5.00,,5.00
21,6/1/2016,4,/R,RENT,,326.00,,326.00
21,6/1/2016,5,/S,SEWER,,20.25,,20.25
21,6/1/2016,6,/T,TRASH,,20.00,,20.00
21,6/1/2016,7,/CF,CITY,,7.33,,7.33
22,6/1/2016,4,/R,RENT,,326.00,,326.00
22,6/1/2016,5,/S,SEWER,,20.25,,20.25
22,6/1/2016,6,/T,TRASH,,20.00,,20.00
22,6/1/2016,7,/CF,CITY,,7.43,,7.43
22,6/1/2016,8,/P,PET,,5.00,,5.00
23,6/1/2016,4,/R,RENT,,326.00,,326.00
23,6/1/2016,5,/S,SEWER,,20.25,,20.25
23,6/1/2016,6,/T,TRASH,,20.00,,20.00
23,6/1/2016,7,/CF,CITY,,7.33,,7.33
24,6/1/2016,4,/R,RENT,,326.00,,326.00
24,6/1/2016,5,/S,SEWER,,20.25,,20.25
24,6/1/2016,6,/T,TRASH,,20.00,,20.00
24,6/1/2016,7,/CF,CITY,,7.33,,7.33
25,6/1/2016,4,/R,RENT,,326.00,,326.00
25,6/1/2016,5,/S,SEWER,,20.25,,20.25
25,6/1/2016,6,/T,TRASH,,20.00,,20.00
25,6/1/2016,7,/CF,CITY,,7.33,,7.33
27,6/1/2016,4,/R,RENT,,326.00,,326.00
27,6/1/2016,5,/S,SEWER,,20.25,,20.25
27,6/1/2016,6,/T,TRASH,,20.00,,20.00
27,6/1/2016,7,/CF,CITY,,7.33,,7.33
28,6/1/2016,4,/R,RENT,,336.00,,336.00
28,6/1/2016,5,/S,SEWER,,20.25,,20.25
28,6/1/2016,6,/T,TRASH,,20.00,,20.00
28,6/1/2016,7,/CF,CITY,,7.53,,7.53
29,6/1/2016,4,/R,RENT,,326.00,,326.00
29,6/1/2016,5,/S,SEWER,,20.25,,20.25
29,6/1/2016,6,/T,TRASH,,20.00,,20.00
29,6/1/2016,7,/CF,CITY,,7.43,,7.43
29,6/1/2016,8,/P,PET,,5.00,,5.00
30,6/1/2016,4,/R,RENT,,326.00,,326.00
30,6/1/2016,5,/S,SEWER,,20.25,,20.25
30,6/1/2016,6,/T,TRASH,,20.00,,20.00
30,6/1/2016,7,/CF,CITY,,7.33,,7.33
31,6/1/2016,4,/R,RENT,,326.00,,326.00
31,6/1/2016,5,/S,SEWER,,20.25,,20.25
31,6/1/2016,6,/T,TRASH,,20.00,,20.00
31,6/1/2016,7,/CF,CITY,,7.43,,7.43
31,6/1/2016,8,/P,PET,,5.00,,5.00
32,6/1/2016,4,/R,RENT,,375.00,,375.00
32,6/1/2016,5,/S,SEWER,,20.25,,20.25
32,6/1/2016,6,/T,TRASH,,20.00,,20.00
32,6/1/2016,7,/CF,CITY,,8.31,,8.31
33,6/1/2016,4,/R,RENT,,326.00,,326.00
33,6/1/2016,5,/S,SEWER,,20.25,,20.25
33,6/1/2016,6,/T,TRASH,,20.00,,20.00
33,6/1/2016,7,/CF,CITY,,7.43,,7.43
33,6/1/2016,8,/P,PET,,5.00,,5.00
34,6/1/2016,4,/R,RENT,,326.00,,326.00
34,6/1/2016,5,/S,SEWER,,20.25,,20.25
34,6/1/2016,6,/T,TRASH,,20.00,,20.00
34,6/1/2016,7,/CF,CITY,,7.33,,7.33
35,6/1/2016,4,/R,RENT,,326.00,,326.00
35,6/1/2016,5,/S,SEWER,,20.25,,20.25
35,6/1/2016,6,/T,TRASH,,20.00,,20.00
35,6/1/2016,7,/CF,CITY,,7.43,,7.43
35,6/1/2016,8,/P,PET,,5.00,,5.00
36,6/1/2016,4,/R,RENT,,375.00,,375.00
36,6/1/2016,5,/S,SEWER,,20.25,,20.25
36,6/1/2016,6,/T,TRASH,,20.00,,20.00
36,6/1/2016,7,/CF,CITY,,7.53,,7.53
37,6/1/2016,4,/R,RENT,,375.00,,375.00
37,6/1/2016,5,/S,SEWER,,20.25,,20.25
37,6/1/2016,6,/T,TRASH,,20.00,,20.00
37,6/1/2016,7,/CF,CITY,,8.31,,8.31
38,6/1/2016,4,/R,RENT,,326.00,,326.00
38,6/1/2016,5,/S,SEWER,,20.25,,20.25
38,6/1/2016,6,/T,TRASH,,20.00,,20.00
38,6/1/2016,7,/CF,CITY,,7.33,,7.33
40,6/1/2016,4,/R,RENT,,326.00,,326.00
40,6/1/2016,5,/S,SEWER,,20.25,,20.25
40,6/1/2016,6,/T,TRASH,,20.00,,20.00
40,6/1/2016,7,/CF,CITY,,7.33,,7.33
41,6/1/2016,4,/R,RENT,,326.00,,326.00
41,6/1/2016,5,/S,SEWER,,20.25,,20.25
41,6/1/2016,6,/T,TRASH,,20.00,,20.00
41,6/1/2016,7,/CF,CITY,,7.33,,7.33
42,6/1/2016,4,/R,RENT,,326.00,,326.00
42,6/1/2016,5,/S,SEWER,,20.25,,20.25
42,6/1/2016,6,/T,TRASH,,20.00,,20.00
42,6/1/2016,7,/CF,CITY,,7.43,,7.43
42,6/1/2016,8,/P,PET,,5.00,,5.00
43,6/1/2016,4,/R,RENT,,326.00,,326.00
43,6/1/2016,5,/S,SEWER,,20.25,,20.25
43,6/1/2016,6,/T,TRASH,,20.00,,20.00
43,6/1/2016,7,/CF,CITY,,7.43,,7.43
43,6/1/2016,8,/P,PET,,5.00,,5.00
44,6/1/2016,4,/R,RENT,,326.00,,326.00
44,6/1/2016,5,/S,SEWER,,20.25,,20.25
44,6/1/2016,6,/T,TRASH,,20.00,,20.00
44,6/1/2016,7,/CF,CITY,,7.33,,7.33
45,6/1/2016,4,/R,RENT,,326.00,,326.00
45,6/1/2016,5,/S,SEWER,,20.25,,20.25
45,6/1/2016,6,/T,TRASH,,20.00,,20.00
45,6/1/2016,7,/CF,CITY,,7.33,,7.33
47,6/1/2016,4,/R,RENT,,375.00,,375.00
47,6/1/2016,5,/S,SEWER,,20.25,,20.25
47,6/1/2016,6,/T,TRASH,,20.00,,20.00
47,6/1/2016,7,/CF,CITY,,8.31,,8.31
48,6/1/2016,4,/R,RENT,,326.00,,326.00
48,6/1/2016,5,/S,SEWER,,20.25,,20.25
48,6/1/2016,6,/T,TRASH,,20.00,,20.00
48,6/1/2016,7,/CF,CITY,,7.33,,7.33
49,6/1/2016,4,/R,RENT,,326.00,,326.00
49,6/1/2016,5,/S,SEWER,,20.25,,20.25
49,6/1/2016,6,/T,TRASH,,20.00,,20.00
49,6/1/2016,7,/CF,CITY,,7.43,,7.43
49,6/1/2016,8,/P,PET,,5.00,,5.00
51,6/1/2016,4,/R,RENT,,351.00,,351.00
51,6/1/2016,5,/S,SEWER,,20.25,,20.25
51,6/1/2016,6,/T,TRASH,,20.00,,20.00
51,6/1/2016,7,/CF,CITY,,7.93,,7.93
51,6/1/2016,8,/P,PET,,5.00,,5.00
52,6/1/2016,4,/R,RENT,,351.00,,351.00
52,6/1/2016,5,/S,SEWER,,20.25,,20.25
52,6/1/2016,6,/T,TRASH,,20.00,,20.00
52,6/1/2016,7,/CF,CITY,,7.83,,7.83
53,6/1/2016,4,/R,RENT,,351.00,,351.00
53,6/1/2016,5,/S,SEWER,,20.25,,20.25
53,6/1/2016,6,/T,TRASH,,20.00,,20.00
53,6/1/2016,7,/CF,CITY,,8.13,,8.13
53,6/1/2016,8,/P,PET,,15.00,,15.00
54,6/1/2016,4,/R,RENT,,351.00,,351.00
54,6/1/2016,5,/S,SEWER,,20.25,,20.25
54,6/1/2016,6,/T,TRASH,,20.00,,20.00
54,6/1/2016,7,/CF,CITY,,7.83,,7.83
55,6/1/2016,4,/R,RENT,,351.00,,351.00
55,6/1/2016,5,/S,SEWER,,20.25,,20.25
55,6/1/2016,6,/T,TRASH,,20.00,,20.00
55,6/1/2016,7,/CF,CITY,,7.83,,7.83
56,6/1/2016,4,/R,RENT,,336.00,,336.00
56,6/1/2016,5,/S,SEWER,,20.25,,20.25
56,6/1/2016,6,/T,TRASH,,20.00,,20.00
56,6/1/2016,7,/CF,CITY,,7.53,,7.53
57,6/1/2016,4,/R,RENT,,336.00,,336.00
57,6/1/2016,5,/S,SEWER,,20.25,,20.25
57,6/1/2016,6,/T,TRASH,,20.00,,20.00
57,6/1/2016,7,/CF,CITY,,7.63,,7.63
57,6/1/2016,8,/P,PET,,5.00,,5.00
59,6/1/2016,4,/R,RENT,,351.00,,351.00
59,6/1/2016,5,/S,SEWER,,20.25,,20.25
59,6/1/2016,6,/T,TRASH,,20.00,,20.00
59,6/1/2016,7,/CF,CITY,,8.03,,8.03
59,6/1/2016,8,/P,PET,,10.00,,10.00
60,6/1/2016,4,/R,RENT,,351.00,,351.00
60,6/1/2016,5,/S,SEWER,,20.25,,20.25
60,6/1/2016,6,/T,TRASH,,20.00,,20.00
60,6/1/2016,7,/CF,CITY,,7.83,,7.83
61,6/1/2016,4,/R,RENT,,351.00,,351.00
61,6/1/2016,5,/S,SEWER,,20.25,,20.25
61,6/1/2016,6,/T,TRASH,,20.00,,20.00
61,6/1/2016,7,/CF,CITY,,7.93,,7.93
61,6/1/2016,8,/P,PET,,5.00,,5.00
62,6/1/2016,4,/R,RENT,,336.00,,336.00
62,6/1/2016,5,/S,SEWER,,20.25,,20.25
62,6/1/2016,6,/T,TRASH,,20.00,,20.00
62,6/1/2016,7,/CF,CITY,,7.53,,7.53
64,6/1/2016,4,/R,RENT,,351.00,,351.00
64,6/1/2016,5,/S,SEWER,,20.25,,20.25
64,6/1/2016,6,/T,TRASH,,20.00,,20.00
64,6/1/2016,7,/CF,CITY,,7.83,,7.83
65,6/1/2016,4,/R,RENT,,336.00,,336.00
65,6/1/2016,5,/S,SEWER,,20.25,,20.25
65,6/1/2016,6,/T,TRASH,,20.00,,20.00
65,6/1/2016,7,/CF,CITY,,7.63,,7.63
67,6/1/2016,4,/R,RENT,,336.00,,336.00
67,6/1/2016,5,/S,SEWER,,20.25,,20.25
67,6/1/2016,6,/T,TRASH,,20.00,,20.00
67,6/1/2016,7,/CF,CITY,,7.63,,7.63
67,6/1/2016,8,/P,PET,,5.00,,5.00
69,6/1/2016,4,/R,RENT,,351.00,,351.00
69,6/1/2016,5,/S,SEWER,,20.25,,20.25
69,6/1/2016,6,/T,TRASH,,20.00,,20.00
69,6/1/2016,7,/CF,CITY,,8.03,,8.03
69,6/1/2016,8,/P,PET,,10.00,,10.00
70,6/1/2016,4,/R,RENT,,351.00,,351.00
70,6/1/2016,5,/S,SEWER,,20.25,,20.25
70,6/1/2016,6,/T,TRASH,,20.00,,20.00
71,6/1/2016,4,/R,RENT,,351.00,,351.00
71,6/1/2016,5,/S,SEWER,,20.25,,20.25
71,6/1/2016,6,/T,TRASH,,20.00,,20.00
71,6/1/2016,7,/CF,CITY,,7.83,,7.83
72,6/1/2016,4,/R,RENT,,375.00,,375.00
72,6/1/2016,5,/S,SEWER,,20.25,,20.25
72,6/1/2016,6,/T,TRASH,,20.00,,20.00
72,6/1/2016,7,/CF,CITY,,8.31,,8.31
73,6/1/2016,4,/R,RENT,,336.00,,336.00
73,6/1/2016,5,/S,SEWER,,20.25,,20.25
73,6/1/2016,6,/T,TRASH,,20.00,,20.00
73,6/1/2016,7,/CF,CITY,,7.63,,7.63
73,6/1/2016,8,/P,PET,,5.00,,5.00
74,6/1/2016,4,/R,RENT,,336.00,,336.00
74,6/1/2016,5,/S,SEWER,,20.25,,20.25
74,6/1/2016,6,/T,TRASH,,20.00,,20.00
74,6/1/2016,7,/CF,CITY,,7.63,,7.63
74,6/1/2016,8,/P,PET,,5.00,,5.00
75,6/1/2016,4,/R,RENT,,375.00,,375.00
75,6/1/2016,5,/S,SEWER,,20.25,,20.25
75,6/1/2016,6,/T,TRASH,,20.00,,20.00
75,6/1/2016,7,/CF,CITY,,8.31,,8.31
76,6/1/2016,4,/R,RENT,,375.00,,375.00
76,6/1/2016,5,/S,SEWER,,20.25,,20.25
76,6/1/2016,6,/T,TRASH,,20.00,,20.00
76,6/1/2016,7,/CF,CITY,,8.31,,8.31
77,6/1/2016,4,/R,RENT,,336.00,,336.00
77,6/1/2016,5,/S,SEWER,,20.25,,20.25
77,6/1/2016,6,/T,TRASH,,20.00,,20.00
77,6/1/2016,7,/CF,CITY,,7.63,,7.63
77,6/1/2016,8,/P,PET,,5.00,,5.00
78,6/1/2016,4,/R,RENT,,336.00,,336.00
78,6/1/2016,5,/S,SEWER,,20.25,,20.25
78,6/1/2016,6,/T,TRASH,,20.00,,20.00
78,6/1/2016,7,/CF,CITY,,7.53,,7.53
79,6/1/2016,4,/R,RENT,,336.00,,336.00
79,6/1/2016,5,/S,SEWER,,20.25,,20.25
79,6/1/2016,6,/T,TRASH,,20.00,,20.00
79,6/1/2016,7,/CF,CITY,,7.53,,7.53
80,6/1/2016,4,/R,RENT,,336.00,,336.00
80,6/1/2016,5,/S,SEWER,,20.25,,20.25
80,6/1/2016,6,/T,TRASH,,20.00,,20.00
80,6/1/2016,7,/CF,CITY,,7.63,,7.63
80,6/1/2016,8,/P,PET,,5.00,,5.00
81,6/1/2016,4,/R,RENT,,336.00,,336.00
81,6/1/2016,5,/S,SEWER,,20.25,,20.25
81,6/1/2016,6,/T,TRASH,,20.00,,20.00
81,6/1/2016,7,/CF,CITY,,7.53,,7.53
84,6/1/2016,4,/R,RENT,,375.00,,375.00
84,6/1/2016,5,/S,SEWER,,20.25,,20.25
84,6/1/2016,6,/T,TRASH,,20.00,,20.00
84,6/1/2016,7,/CF,CITY,,8.31,,8.31
85,6/1/2016,4,/R,RENT,,375.00,,375.00
85,6/1/2016,5,/S,SEWER,,20.25,,20.25
85,6/1/2016,6,/T,TRASH,,20.00,,20.00
85,6/1/2016,7,/CF,CITY,,8.31,,8.31
86,6/1/2016,4,/R,RENT,,336.00,,336.00
86,6/1/2016,5,/S,SEWER,,20.25,,20.25
86,6/1/2016,6,/T,TRASH,,20.00,,20.00
86,6/1/2016,7,/CF,CITY,,7.53,,7.53
88,6/1/2016,4,/R,RENT,,351.00,,351.00
88,6/1/2016,5,/S,SEWER,,20.25,,20.25
88,6/1/2016,6,/T,TRASH,,20.00,,20.00
88,6/1/2016,7,/CF,CITY,,7.83,,7.83
90,6/1/2016,4,/R,RENT,,336.00,,336.00
90,6/1/2016,5,/S,SEWER,,20.25,,20.25
90,6/1/2016,6,/T,TRASH,,20.00,,20.00
90,6/1/2016,7,/CF,CITY,,7.53,,7.53
91,6/1/2016,4,/R,RENT,,336.00,,336.00
91,6/1/2016,5,/S,SEWER,,20.25,,20.25
91,6/1/2016,6,/T,TRASH,,20.00,,20.00
91,6/1/2016,7,/CF,CITY,,7.63,,7.63
91,6/1/2016,8,/P,PET,,5.00,,5.00
93,6/1/2016,4,/R,RENT,,336.00,,336.00
93,6/1/2016,5,/S,SEWER,,20.25,,20.25
93,6/1/2016,6,/T,TRASH,,20.00,,20.00
93,6/1/2016,7,/CF,CITY,,7.53,,7.53
94,6/1/2016,4,/R,RENT,,336.00,,336.00
94,6/1/2016,5,/S,SEWER,,20.25,,20.25
94,6/1/2016,6,/T,TRASH,,20.00,,20.00
94,6/1/2016,7,/CF,CITY,,7.63,,7.63
94,6/1/2016,8,/P,PET,,5.00,,5.00
95,6/1/2016,4,/R,RENT,,375.00,,375.00
95,6/1/2016,5,/S,SEWER,,20.25,,20.25
95,6/1/2016,6,/T,TRASH,,20.00,,20.00
95,6/1/2016,7,/CF,CITY,,8.31,,8.31
98,6/1/2016,4,/R,RENT,,336.00,,336.00
98,6/1/2016,5,/S,SEWER,,20.25,,20.25
98,6/1/2016,6,/T,TRASH,,20.00,,20.00
98,6/1/2016,7,/CF,CITY,,7.73,,7.73
98,6/1/2016,8,/P,PET,,10.00,,10.00
100,6/1/2016,4,/R,RENT,,336.00,,336.00
100,6/1/2016,5,/S,SEWER,,20.25,,20.25
100,6/1/2016,6,/T,TRASH,,20.00,,20.00
100,6/1/2016,7,/CF,CITY,,7.53,,7.53
102,6/1/2016,4,/R,RENT,,336.00,,336.00
102,6/1/2016,5,/S,SEWER,,20.25,,20.25
102,6/1/2016,6,/T,TRASH,,20.00,,20.00
102,6/1/2016,7,/CF,CITY,,7.53,,7.53
103,6/1/2016,4,/R,RENT,,336.00,,336.00
103,6/1/2016,5,/S,SEWER,,20.25,,20.25
103,6/1/2016,6,/T,TRASH,,20.00,,20.00
103,6/1/2016,7,/CF,CITY,,7.73,,7.73
103,6/1/2016,8,/P,PET,,10.00,,10.00
105,6/1/2016,4,/R,RENT,,336.00,,336.00
105,6/1/2016,5,/S,SEWER,,20.25,,20.25
105,6/1/2016,6,/T,TRASH,,20.00,,20.00
105,6/1/2016,7,/CF,CITY,,7.53,,7.53
107,6/1/2016,4,/R,RENT,,351.00,,351.00
107,6/1/2016,5,/S,SEWER,,20.25,,20.25
107,6/1/2016,6,/T,TRASH,,20.00,,20.00
107,6/1/2016,7,/CF,CITY,,7.83,,7.83
109,6/1/2016,4,/R,RENT,,336.00,,336.00
109,6/1/2016,5,/S,SEWER,,20.25,,20.25
109,6/1/2016,6,/T,TRASH,,20.00,,20.00
109,6/1/2016,7,/CF,CITY,,7.63,,7.63
109,6/1/2016,8,/P,PET,,5.00,,5.00
110,6/1/2016,4,/R,RENT,,351.00,,351.00
110,6/1/2016,5,/S,SEWER,,20.25,,20.25
110,6/1/2016,6,/T,TRASH,,20.00,,20.00
110,6/1/2016,7,/CF,CITY,,7.83,,7.83
111,6/1/2016,4,/R,RENT,,351.00,,351.00
111,6/1/2016,5,/S,SEWER,,20.25,,20.25
111,6/1/2016,6,/T,TRASH,,20.00,,20.00
111,6/1/2016,7,/CF,CITY,,7.83,,7.83
112,6/1/2016,4,/R,RENT,,351.00,,351.00
112,6/1/2016,5,/S,SEWER,,20.25,,20.25
112,6/1/2016,6,/T,TRASH,,20.00,,20.00
112,6/1/2016,7,/CF,CITY,,7.83,,7.83
113,6/1/2016,4,/R,RENT,,351.00,,351.00
114,6/1/2016,4,/R,RENT,,351.00,,351.00
114,6/1/2016,5,/S,SEWER,,20.25,,20.25
114,6/1/2016,6,/T,TRASH,,20.00,,20.00
114,6/1/2016,7,/CF,CITY,,7.83,,7.83
115,6/1/2016,4,/R,RENT,,336.00,,336.00
115,6/1/2016,5,/S,SEWER,,20.25,,20.25
115,6/1/2016,6,/T,TRASH,,20.00,,20.00
115,6/1/2016,7,/CF,CITY,,7.53,,7.53
116,6/1/2016,4,/R,RENT,,336.00,,336.00
116,6/1/2016,5,/S,SEWER,,20.25,,20.25
116,6/1/2016,6,/T,TRASH,,20.00,,20.00
117,6/1/2016,4,/R,RENT,,336.00,,336.00
117,6/1/2016,5,/S,SEWER,,20.25,,20.25
117,6/1/2016,6,/T,TRASH,,20.00,,20.00
117,6/1/2016,7,/CF,CITY,,7.53,,7.53
118,6/1/2016,4,/R,RENT,,336.00,,336.00
118,6/1/2016,5,/S,SEWER,,20.25,,20.25
118,6/1/2016,6,/T,TRASH,,20.00,,20.00
118,6/1/2016,7,/CF,CITY,,7.53,,7.53
119,6/1/2016,4,/R,RENT,,336.00,,336.00
119,6/1/2016,5,/S,SEWER,,20.25,,20.25
119,6/1/2016,6,/T,TRASH,,20.00,,20.00
119,6/1/2016,7,/CF,CITY,,7.63,,7.63
119,6/1/2016,8,/P,PET,,5.00,,5.00
120,6/1/2016,4,/R,RENT,,336.00,,336.00
120,6/1/2016,5,/S,SEWER,,20.25,,20.25
120,6/1/2016,6,/T,TRASH,,20.00,,20.00
121,6/1/2016,4,/R,RENT,,351.00,,351.00
121,6/1/2016,5,/S,SEWER,,20.25,,20.25
121,6/1/2016,6,/T,TRASH,,20.00,,20.00
121,6/1/2016,7,/CF,CITY,,7.93,,7.93
121,6/1/2016,8,/P,PET,,5.00,,5.00
122,6/1/2016,4,/R,RENT,,351.00,,351.00
122,6/1/2016,5,/S,SEWER,,20.25,,20.25
122,6/1/2016,6,/T,TRASH,,20.00,,20.00
122,6/1/2016,7,/CF,CITY,,7.83,,7.83
124,6/1/2016,4,/R,RENT,,336.00,,336.00
124,6/1/2016,5,/S,SEWER,,20.25,,20.25
124,6/1/2016,6,/T,TRASH,,20.00,,20.00
124,6/1/2016,7,/CF,CITY,,7.53,,7.53
125,6/1/2016,4,/R,RENT,,336.00,,336.00
125,6/1/2016,5,/S,SEWER,,20.25,,20.25
125,6/1/2016,6,/T,TRASH,,20.00,,20.00
125,6/1/2016,7,/CF,CITY,,7.53,,7.53
127,6/1/2016,4,/R,RENT,,336.00,,336.00
127,6/1/2016,5,/S,SEWER,,20.25,,20.25
127,6/1/2016,6,/T,TRASH,,20.00,,20.00
127,6/1/2016,7,/CF,CITY,,7.63,,7.63
127,6/1/2016,8,/P,PET,,5.00,,5.00
128,6/1/2016,4,/R,RENT,,336.00,,336.00
128,6/1/2016,5,/S,SEWER,,20.25,,20.25
128,6/1/2016,6,/T,TRASH,,20.00,,20.00
128,6/1/2016,7,/CF,CITY,,7.53,,7.53
129,6/1/2016,4,/R,RENT,,336.00,,336.00
129,6/1/2016,5,/S,SEWER,,20.25,,20.25
129,6/1/2016,6,/T,TRASH,,20.00,,20.00
129,6/1/2016,7,/CF,CITY,,7.53,,7.53
130,6/1/2016,4,/R,RENT,,336.00,,336.00
130,6/1/2016,5,/S,SEWER,,20.25,,20.25
130,6/1/2016,6,/T,TRASH,,20.00,,20.00
130,6/1/2016,7,/CF,CITY,,7.53,,7.53
131,6/1/2016,4,/R,RENT,,351.00,,351.00
131,6/1/2016,5,/S,SEWER,,20.25,,20.25
131,6/1/2016,6,/T,TRASH,,20.00,,20.00
131,6/1/2016,7,/CF,CITY,,7.93,,7.93
131,6/1/2016,8,/P,PET,,5.00,,5.00
132,6/1/2016,4,/R,RENT,,375.00,,375.00
132,6/1/2016,5,/S,SEWER,,20.25,,20.25
132,6/1/2016,6,/T,TRASH,,20.00,,20.00
132,6/1/2016,7,/CF,CITY,,8.31,,8.31
133,6/1/2016,4,/R,RENT,,336.00,,336.00
133,6/1/2016,5,/S,SEWER,,20.25,,20.25
133,6/1/2016,6,/T,TRASH,,20.00,,20.00
133,6/1/2016,7,/CF,CITY,,7.53,,7.53
134,6/1/2016,4,/R,RENT,,366.00,,366.00
134,6/1/2016,5,/S,SEWER,,20.25,,20.25
134,6/1/2016,6,/T,TRASH,,20.00,,20.00
134,6/1/2016,7,/CF,CITY,,8.23,,8.23
134,6/1/2016,8,/P,PET,,5.00,,5.00
135,6/1/2016,4,/R,RENT,,351.00,,351.00
135,6/1/2016,5,/S,SEWER,,20.25,,20.25
135,6/1/2016,6,/T,TRASH,,20.00,,20.00
135,6/1/2016,7,/CF,CITY,,7.83,,7.83
136,6/1/2016,4,/R,RENT,,351.00,,351.00
136,6/1/2016,5,/S,SEWER,,20.25,,20.25
136,6/1/2016,6,/T,TRASH,,20.00,,20.00
136,6/1/2016,7,/CF,CITY,,7.93,,7.93
136,6/1/2016,8,/P,PET,,5.00,,5.00
138,6/1/2016,4,/R,RENT,,336.00,,336.00
138,6/1/2016,5,/S,SEWER,,20.25,,20.25
138,6/1/2016,6,/T,TRASH,,20.00,,20.00
138,6/1/2016,7,/CF,CITY,,7.63,,7.63
138,6/1/2016,8,/P,PET,,5.00,,5.00
139,6/1/2016,4,/R,RENT,,336.00,,336.00
139,6/1/2016,5,/S,SEWER,,20.25,,20.25
139,6/1/2016,6,/T,TRASH,,20.00,,20.00
139,6/1/2016,7,/CF,CITY,,7.73,,7.73
140,6/1/2016,4,/R,RENT,,336.00,,336.00
140,6/1/2016,5,/S,SEWER,,20.25,,20.25
141,6/1/2016,4,/R,RENT,,375.00,,375.00
141,6/1/2016,5,/S,SEWER,,20.25,,20.25
141,6/1/2016,6,/T,TRASH,,20.00,,20.00
141,6/1/2016,7,/CF,CITY,,8.33,,8.33
142,6/1/2016,4,/R,RENT,,336.00,,336.00
142,6/1/2016,5,/S,SEWER,,20.25,,20.25
142,6/1/2016,6,/T,TRASH,,20.00,,20.00
142,6/1/2016,7,/CF,CITY,,7.63,,7.63
142,6/1/2016,8,/P,PET,,5.00,,5.00
143,6/1/2016,4,/R,RENT,,336.00,,336.00
143,6/1/2016,5,/S,SEWER,,20.25,,20.25
143,6/1/2016,6,/T,TRASH,,20.00,,20.00
143,6/1/2016,7,/CF,CITY,,7.63,,7.63
143,6/1/2016,8,/P,PET,,5.00,,5.00
144,6/1/2016,4,/R,RENT,,336.00,,336.00
144,6/1/2016,5,/S,SEWER,,20.25,,20.25
144,6/1/2016,6,/T,TRASH,,20.00,,20.00
144,6/1/2016,7,/CF,CITY,,7.53,,7.53
145,6/1/2016,4,/R,RENT,,336.00,,336.00
145,6/1/2016,5,/S,SEWER,,20.25,,20.25
145,6/1/2016,6,/T,TRASH,,20.00,,20.00
145,6/1/2016,7,/CF,CITY,,7.53,,7.53
146,6/1/2016,4,/R,RENT,,336.00,,336.00
146,6/1/2016,5,/S,SEWER,,20.25,,20.25
146,6/1/2016,6,/T,TRASH,,20.00,,20.00
146,6/1/2016,7,/CF,CITY,,7.73,,7.73
146,6/1/2016,8,/P,PET,,10.00,,10.00
147,6/1/2016,4,/R,RENT,,336.00,,336.00
147,6/1/2016,5,/S,SEWER,,20.25,,20.25
147,6/1/2016,6,/T,TRASH,,20.00,,20.00
147,6/1/2016,7,/CF,CITY,,7.53,,7.53
148,6/1/2016,4,/R,RENT,,336.00,,336.00
148,6/1/2016,5,/S,SEWER,,20.25,,20.25
148,6/1/2016,6,/T,TRASH,,20.00,,20.00
148,6/1/2016,7,/CF,CITY,,7.53,,7.53
149,6/1/2016,4,/R,RENT,,336.00,,336.00
149,6/1/2016,5,/S,SEWER,,20.25,,20.25
149,6/1/2016,6,/T,TRASH,,20.00,,20.00
149,6/1/2016,7,/CF,CITY,,7.53,,7.53
150,6/1/2016,4,/R,RENT,,336.00,,336.00
150,6/1/2016,5,/S,SEWER,,20.25,,20.25
150,6/1/2016,6,/T,TRASH,,20.00,,20.00
150,6/1/2016,7,/CF,CITY,,7.73,,7.73
150,6/1/2016,8,/P,PET,,10.00,,10.00
151,6/1/2016,4,/R,RENT,,336.00,,336.00
151,6/1/2016,5,/S,SEWER,,20.25,,20.25
151,6/1/2016,6,/T,TRASH,,20.00,,20.00
151,6/1/2016,7,/CF,CITY,,7.63,,7.63
151,6/1/2016,8,/P,PET,,5.00,,5.00
152,6/1/2016,4,/R,RENT,,336.00,,336.00
152,6/1/2016,5,/S,SEWER,,20.25,,20.25
152,6/1/2016,6,/T,TRASH,,20.00,,20.00
152,6/1/2016,7,/CF,CITY,,7.53,,7.53
153,6/1/2016,4,/R,RENT,,375.00,,375.00
153,6/1/2016,5,/S,SEWER,,20.25,,20.25
153,6/1/2016,6,/T,TRASH,,20.00,,20.00
153,6/1/2016,7,/CF,CITY,,8.31,,8.31
156,6/1/2016,4,/R,RENT,,336.00,,336.00
156,6/1/2016,5,/S,SEWER,,20.25,,20.25
156,6/1/2016,6,/T,TRASH,,20.00,,20.00
156,6/1/2016,7,/CF,CITY,,7.53,,7.53
158,6/1/2016,4,/R,RENT,,336.00,,336.00
158,6/1/2016,5,/S,SEWER,,20.25,,20.25
158,6/1/2016,6,/T,TRASH,,20.00,,20.00
158,6/1/2016,7,/CF,CITY,,7.73,,7.73
158,6/1/2016,8,/P,PET,,10.00,,10.00
159,6/1/2016,4,/R,RENT,,336.00,,336.00
159,6/1/2016,5,/S,SEWER,,20.25,,20.25
159,6/1/2016,6,/T,TRASH,,20.00,,20.00
159,6/1/2016,7,/CF,CITY,,7.53,,7.53
160,6/1/2016,4,/R,RENT,,336.00,,336.00
160,6/1/2016,5,/S,SEWER,,20.25,,20.25
160,6/1/2016,6,/T,TRASH,,20.00,,20.00
160,6/1/2016,7,/CF,CITY,,7.53,,7.53
161,6/1/2016,4,/R,RENT,,336.00,,336.00
161,6/1/2016,4,/R,RENT,,336.00,,336.00
161,6/1/2016,5,/S,SEWER,,20.25,,20.25
161,6/1/2016,5,/S,SEWER,,20.25,,20.25
161,6/1/2016,6,/T,TRASH,,20.00,,20.00
161,6/1/2016,6,/T,TRASH,,20.00,,20.00
161,6/1/2016,7,/CF,CITY,,7.53,,7.53
161,6/1/2016,7,/CF,CITY,,7.53,,7.53
162,6/1/2016,4,/R,RENT,,375.00,,375.00
162,6/1/2016,5,/S,SEWER,,20.25,,20.25
162,6/1/2016,6,/T,TRASH,,20.00,,20.00
162,6/1/2016,7,/CF,CITY,,8.31,,8.31
163,6/1/2016,4,/R,RENT,,375.00,,375.00
163,6/1/2016,5,/S,SEWER,,20.25,,20.25
163,6/1/2016,6,/T,TRASH,,20.00,,20.00
163,6/1/2016,7,/CF,CITY,,8.31,,8.31
166,6/1/2016,4,/R,RENT,,336.00,,336.00
166,6/1/2016,5,/S,SEWER,,20.25,,20.25
166,6/1/2016,6,/T,TRASH,,20.00,,20.00
166,6/1/2016,7,/CF,CITY,,7.53,,7.53
167,6/1/2016,4,/R,RENT,,336.00,,336.00
167,6/1/2016,5,/S,SEWER,,20.25,,20.25
167,6/1/2016,6,/T,TRASH,,20.00,,20.00
167,6/1/2016,7,/CF,CITY,,7.63,,7.63
167,6/1/2016,8,/P,PET,,5.00,,5.00
168,6/1/2016,4,/R,RENT,,336.00,,336.00
168,6/1/2016,5,/S,SEWER,,20.25,,20.25
168,6/1/2016,6,/T,TRASH,,20.00,,20.00
168,6/1/2016,7,/CF,CITY,,7.63,,7.63
169,6/1/2016,4,/R,RENT,,336.00,,336.00
169,6/1/2016,5,/S,SEWER,,20.25,,20.25
169,6/1/2016,6,/T,TRASH,,20.00,,20.00
169,6/1/2016,7,/CF,CITY,,7.53,,7.53
170,6/1/2016,4,/R,RENT,,375.00,,375.00
170,6/1/2016,5,/S,SEWER,,20.25,,20.25
170,6/1/2016,6,/T,TRASH,,20.00,,20.00
170,6/1/2016,7,/CF,CITY,,8.31,,8.31
171,6/1/2016,4,/R,RENT,,336.00,,336.00
171,6/1/2016,5,/S,SEWER,,20.25,,20.25
171,6/1/2016,6,/T,TRASH,,20.00,,20.00
171,6/1/2016,7,/CF,CITY,,7.53,,7.53
172,6/1/2016,4,/R,RENT,,336.00,,336.00
172,6/1/2016,5,/S,SEWER,,20.25,,20.25
172,6/1/2016,6,/T,TRASH,,20.00,,20.00
172,6/1/2016,7,/CF,CITY,,7.53,,7.53
173,6/1/2016,4,/R,RENT,,336.00,,336.00
173,6/1/2016,5,/S,SEWER,,20.25,,20.25
173,6/1/2016,6,/T,TRASH,,20.00,,20.00
173,6/1/2016,7,/CF,CITY,,7.63,,7.63
173,6/1/2016,8,/P,PET,,5.00,,5.00
176,6/1/2016,4,/R,RENT,,336.00,,336.00
176,6/1/2016,5,/S,SEWER,,20.25,,20.25
176,6/1/2016,6,/T,TRASH,,20.00,,20.00
176,6/1/2016,7,/CF,CITY,,7.53,,7.53
177,6/1/2016,4,/R,RENT,,336.00,,336.00
177,6/1/2016,5,/S,SEWER,,20.25,,20.25
177,6/1/2016,6,/T,TRASH,,20.00,,20.00
177,6/1/2016,7,/CF,CITY,,7.63,,7.63
177,6/1/2016,8,/P,PET,,5.00,,5.00
178,6/1/2016,4,/R,RENT,,336.00,,336.00
178,6/1/2016,5,/S,SEWER,,20.25,,20.25
178,6/1/2016,6,/T,TRASH,,20.00,,20.00
178,6/1/2016,7,/CF,CITY,,7.53,,7.53
180,6/1/2016,4,/R,RENT,,336.00,,336.00
180,6/1/2016,5,/S,SEWER,,20.25,,20.25
180,6/1/2016,6,/T,TRASH,,20.00,,20.00
180,6/1/2016,7,/CF,CITY,,7.53,,7.53
181,6/1/2016,4,/R,RENT,,336.00,,336.00
181,6/1/2016,5,/S,SEWER,,20.25,,20.25
181,6/1/2016,6,/T,TRASH,,20.00,,20.00
181,6/1/2016,7,/CF,CITY,,7.53,,7.53
182,6/1/2016,4,/R,RENT,,336.00,,336.00
182,6/1/2016,5,/S,SEWER,,20.25,,20.25
182,6/1/2016,6,/T,TRASH,,20.00,,20.00
182,6/1/2016,7,/CF,CITY,,7.53,,7.53
183,6/1/2016,4,/R,RENT,,336.00,,336.00
183,6/1/2016,5,/S,SEWER,,20.25,,20.25
183,6/1/2016,6,/T,TRASH,,20.00,,20.00
183,6/1/2016,7,/CF,CITY,,7.63,,7.63
183,6/1/2016,8,/P,PET,,5.00,,5.00
185,6/1/2016,4,/R,RENT,,336.00,,336.00
185,6/1/2016,5,/S,SEWER,,20.25,,20.25
185,6/1/2016,6,/T,TRASH,,20.00,,20.00
185,6/1/2016,7,/CF,CITY,,7.53,,7.53
186,6/1/2016,4,/R,RENT,,336.00,,336.00
186,6/1/2016,5,/S,SEWER,,20.25,,20.25
186,6/1/2016,6,/T,TRASH,,20.00,,20.00
186,6/1/2016,7,/CF,CITY,,7.53,,7.53
187,6/1/2016,4,/R,RENT,,336.00,,336.00
187,6/1/2016,5,/S,SEWER,,20.25,,20.25
187,6/1/2016,6,/T,TRASH,,20.00,,20.00
187,6/1/2016,7,/CF,CITY,,7.63,,7.63
187,6/1/2016,8,/P,PET,,5.00,,5.00
188,6/1/2016,4,/R,RENT,,336.00,,336.00
188,6/1/2016,5,/S,SEWER,,20.25,,20.25
188,6/1/2016,6,/T,TRASH,,20.00,,20.00
188,6/1/2016,7,/CF,CITY,,7.63,,7.63
188,6/1/2016,8,/P,PET,,5.00,,5.00
189,6/1/2016,4,/R,RENT,,336.00,,336.00
189,6/1/2016,5,/S,SEWER,,20.25,,20.25
189,6/1/2016,6,/T,TRASH,,20.00,,20.00
189,6/1/2016,7,/CF,CITY,,7.53,,7.53
190,6/1/2016,4,/R,RENT,,336.00,,336.00
190,6/1/2016,5,/S,SEWER,,20.25,,20.25
190,6/1/2016,6,/T,TRASH,,20.00,,20.00
190,6/1/2016,7,/CF,CITY,,7.53,,7.53
