1,6/1/2016,4,/R,RENT,,749.70,,749.70
1,6/1/2016,5,/S,SEWER,,14.35,,14.35
1,6/1/2016,6,/T,TRASH,,15.21,,15.21
10,6/1/2016,4,/R,RENT,,760.20,,760.20
10,6/1/2016,5,/S,SEWER,,14.35,,14.35
10,6/1/2016,6,/T,TRASH,,15.21,,15.21
100,6/1/2016,4,/R,RENT,,749.85,,749.85
100,6/1/2016,5,/S,SEWER,,14.35,,14.35
100,6/1/2016,6,/T,TRASH,,15.21,,15.21
101,6/1/2016,4,/R,RENT,,760.20,,760.20
101,6/1/2016,5,/S,SEWER,,14.35,,14.35
101,6/1/2016,6,/T,TRASH,,15.21,,15.21
102,6/1/2016,4,/R,RENT,,745.20,,745.20
102,6/1/2016,5,/S,SEWER,,14.35,,14.35
102,6/1/2016,6,/T,TRASH,,15.21,,15.21
103,6/1/2016,4,/R,RENT,,748.10,,748.10
103,6/1/2016,5,/S,SEWER,,14.35,,14.35
103,6/1/2016,6,/T,TRASH,,15.21,,15.21
104,6/1/2016,4,/R,RENT,,748.10,,748.10
104,6/1/2016,5,/S,SEWER,,14.35,,14.35
104,6/1/2016,6,/T,TRASH,,15.21,,15.21
105,6/1/2016,4,/R,RENT,,748.10,,748.10
105,6/1/2016,5,/S,SEWER,,14.35,,14.35
105,6/1/2016,6,/T,TRASH,,15.21,,15.21
106,6/1/2016,4,/R,RENT,,748.10,,748.10
106,6/1/2016,5,/S,SEWER,,14.35,,14.35
106,6/1/2016,6,/T,TRASH,,15.21,,15.21
107,6/1/2016,4,/R,RENT,,760.20,,760.20
107,6/1/2016,5,/S,SEWER,,14.35,,14.35
107,6/1/2016,6,/T,TRASH,,15.21,,15.21
108,6/1/2016,4,/R,RENT,,748.10,,748.10
108,6/1/2016,5,/S,SEWER,,14.35,,14.35
108,6/1/2016,6,/T,TRASH,,15.21,,15.21
109,6/1/2016,4,/R,RENT,,760.20,,760.20
109,6/1/2016,5,/S,SEWER,,14.35,,14.35
109,6/1/2016,6,/T,TRASH,,15.21,,15.21
11,6/1/2016,4,/R,RENT,,748.10,,748.10
11,6/1/2016,5,/S,SEWER,,14.35,,14.35
11,6/1/2016,6,/T,TRASH,,15.21,,15.21
110,6/1/2016,4,/R,RENT,,760.20,,760.20
110,6/1/2016,5,/S,SEWER,,14.35,,14.35
110,6/1/2016,6,/T,TRASH,,15.21,,15.21
111,6/1/2016,4,/R,RENT,,760.20,,760.20
111,6/1/2016,5,/S,SEWER,,14.35,,14.35
111,6/1/2016,6,/T,TRASH,,15.21,,15.21
113,6/1/2016,4,/R,RENT,,748.10,,748.10
113,6/1/2016,5,/S,SEWER,,14.35,,14.35
113,6/1/2016,6,/T,TRASH,,15.21,,15.21
114,6/1/2016,4,/R,RENT,,760.20,,760.20
114,6/1/2016,5,/S,SEWER,,14.35,,14.35
114,6/1/2016,6,/T,TRASH,,15.21,,15.21
115,6/1/2016,4,/R,RENT,,745.20,,745.20
115,6/1/2016,5,/S,SEWER,,14.35,,14.35
115,6/1/2016,6,/T,TRASH,,15.21,,15.21
116,6/1/2016,4,/R,RENT,,685.44,,685.44
116,6/1/2016,5,/S,SEWER,,14.35,,14.35
116,6/1/2016,6,/T,TRASH,,15.21,,15.21
117,6/1/2016,4,/R,RENT,,735.37,,735.37
117,6/1/2016,5,/S,SEWER,,14.35,,14.35
117,6/1/2016,6,/T,TRASH,,15.21,,15.21
118,6/1/2016,4,/R,RENT,,748.10,,748.10
118,6/1/2016,5,/S,SEWER,,14.35,,14.35
118,6/1/2016,6,/T,TRASH,,15.21,,15.21
119,6/1/2016,4,/R,RENT,,748.10,,748.10
119,6/1/2016,5,/S,SEWER,,14.35,,14.35
119,6/1/2016,6,/T,TRASH,,15.21,,15.21
12,6/1/2016,4,/R,RENT,,727.32,,727.32
12,6/1/2016,5,/S,SEWER,,14.35,,14.35
12,6/1/2016,6,/T,TRASH,,15.21,,15.21
120,6/1/2016,4,/R,RENT,,749.85,,749.85
120,6/1/2016,5,/S,SEWER,,14.35,,14.35
120,6/1/2016,6,/T,TRASH,,15.21,,15.21
121,6/1/2016,4,/R,RENT,,760.20,,760.20
121,6/1/2016,5,/S,SEWER,,14.35,,14.35
121,6/1/2016,6,/T,TRASH,,15.21,,15.21
122,6/1/2016,4,/R,RENT,,739.26,,739.26
122,6/1/2016,5,/S,SEWER,,14.35,,14.35
122,6/1/2016,6,/T,TRASH,,15.21,,15.21
123,6/1/2016,4,/R,RENT,,760.20,,760.20
123,6/1/2016,5,/S,SEWER,,14.35,,14.35
123,6/1/2016,6,/T,TRASH,,15.21,,15.21
124,6/1/2016,4,/R,RENT,,752.96,,752.96
124,6/1/2016,5,/S,SEWER,,14.35,,14.35
124,6/1/2016,6,/T,TRASH,,15.21,,15.21
125,6/1/2016,4,/R,RENT,,727.32,,727.32
125,6/1/2016,5,/S,SEWER,,14.35,,14.35
125,6/1/2016,6,/T,TRASH,,15.21,,15.21
126,6/1/2016,4,/R,RENT,,760.20,,760.20
126,6/1/2016,5,/S,SEWER,,14.35,,14.35
126,6/1/2016,6,/T,TRASH,,15.21,,15.21
127,6/1/2016,4,/R,RENT,,752.96,,752.96
127,6/1/2016,5,/S,SEWER,,14.35,,14.35
127,6/1/2016,6,/T,TRASH,,15.21,,15.21
128,6/1/2016,4,/R,RENT,,721.88,,721.88
128,6/1/2016,5,/S,SEWER,,14.35,,14.35
128,6/1/2016,6,/T,TRASH,,15.21,,15.21
129,6/1/2016,4,/R,RENT,,760.20,,760.20
129,6/1/2016,5,/S,SEWER,,14.35,,14.35
129,6/1/2016,6,/T,TRASH,,15.21,,15.21
13,6/1/2016,4,/R,RENT,,760.20,,760.20
13,6/1/2016,5,/S,SEWER,,14.35,,14.35
13,6/1/2016,6,/T,TRASH,,15.21,,15.21
130,6/1/2016,4,/R,RENT,,745.29,,745.29
130,6/1/2016,5,/S,SEWER,,14.35,,14.35
130,6/1/2016,6,/T,TRASH,,15.21,,15.21
131,6/1/2016,4,/R,RENT,,721.88,,721.88
131,6/1/2016,5,/S,SEWER,,14.35,,14.35
131,6/1/2016,6,/T,TRASH,,15.21,,15.21
132,6/1/2016,4,/R,RENT,,748.10,,748.10
132,6/1/2016,5,/S,SEWER,,14.35,,14.35
132,6/1/2016,6,/T,TRASH,,15.21,,15.21
133,6/1/2016,4,/R,RENT,,760.20,,760.20
133,6/1/2016,5,/S,SEWER,,14.35,,14.35
133,6/1/2016,6,/T,TRASH,,15.21,,15.21
134,6/1/2016,4,/R,RENT,,760.20,,760.20
134,6/1/2016,5,/S,SEWER,,14.35,,14.35
134,6/1/2016,6,/T,TRASH,,15.21,,15.21
135,6/1/2016,4,/R,RENT,,752.96,,752.96
135,6/1/2016,5,/S,SEWER,,14.35,,14.35
135,6/1/2016,6,/T,TRASH,,15.21,,15.21
136,6/1/2016,4,/R,RENT,,749.85,,749.85
136,6/1/2016,5,/S,SEWER,,14.35,,14.35
136,6/1/2016,6,/T,TRASH,,15.21,,15.21
137,6/1/2016,4,/R,RENT,,760.20,,760.20
137,6/1/2016,5,/S,SEWER,,14.35,,14.35
137,6/1/2016,6,/T,TRASH,,15.21,,15.21
138,6/1/2016,4,/R,RENT,,748.10,,748.10
138,6/1/2016,5,/S,SEWER,,14.35,,14.35
138,6/1/2016,6,/T,TRASH,,15.21,,15.21
139,6/1/2016,4,/R,RENT,,745.29,,745.29
139,6/1/2016,5,/S,SEWER,,14.35,,14.35
139,6/1/2016,6,/T,TRASH,,15.21,,15.21
14,6/1/2016,4,/R,RENT,,760.20,,760.20
14,6/1/2016,5,/S,SEWER,,14.35,,14.35
14,6/1/2016,6,/T,TRASH,,15.21,,15.21
140,6/1/2016,4,/R,RENT,,741.06,,741.06
140,6/1/2016,5,/S,SEWER,,14.35,,14.35
140,6/1/2016,6,/T,TRASH,,15.21,,15.21
141,6/1/2016,4,/R,RENT,,748.10,,748.10
141,6/1/2016,5,/S,SEWER,,14.35,,14.35
141,6/1/2016,6,/T,TRASH,,15.21,,15.21
142,6/1/2016,4,/R,RENT,,748.10,,748.10
142,6/1/2016,5,/S,SEWER,,14.35,,14.35
142,6/1/2016,6,/T,TRASH,,15.21,,15.21
143,6/1/2016,4,/R,RENT,,748.10,,748.10
143,6/1/2016,5,/S,SEWER,,14.35,,14.35
143,6/1/2016,6,/T,TRASH,,15.21,,15.21
144,6/1/2016,4,/R,RENT,,748.10,,748.10
144,6/1/2016,5,/S,SEWER,,14.35,,14.35
144,6/1/2016,6,/T,TRASH,,15.21,,15.21
145,6/1/2016,4,/R,RENT,,760.20,,760.20
145,6/1/2016,5,/S,SEWER,,14.35,,14.35
145,6/1/2016,6,/T,TRASH,,15.21,,15.21
146,6/1/2016,4,/R,RENT,,748.10,,748.10
146,6/1/2016,5,/S,SEWER,,14.35,,14.35
146,6/1/2016,6,/T,TRASH,,15.21,,15.21
147,6/1/2016,4,/R,RENT,,760.20,,760.20
147,6/1/2016,5,/S,SEWER,,14.35,,14.35
147,6/1/2016,6,/T,TRASH,,15.21,,15.21
148,6/1/2016,4,/R,RENT,,745.20,,745.20
148,6/1/2016,5,/S,SEWER,,14.35,,14.35
148,6/1/2016,6,/T,TRASH,,15.21,,15.21
149,6/1/2016,4,/R,RENT,,748.10,,748.10
149,6/1/2016,5,/S,SEWER,,14.35,,14.35
149,6/1/2016,6,/T,TRASH,,15.21,,15.21
15,6/1/2016,4,/R,RENT,,748.10,,748.10
15,6/1/2016,5,/S,SEWER,,14.35,,14.35
15,6/1/2016,6,/T,TRASH,,15.21,,15.21
150,6/1/2016,4,/R,RENT,,745.20,,745.20
150,6/1/2016,5,/S,SEWER,,14.35,,14.35
150,6/1/2016,6,/T,TRASH,,15.21,,15.21
152,6/1/2016,4,/R,RENT,,760.20,,760.20
152,6/1/2016,5,/S,SEWER,,14.35,,14.35
152,6/1/2016,6,/T,TRASH,,15.21,,15.21
153,6/1/2016,4,/R,RENT,,745.29,,745.29
153,6/1/2016,5,/S,SEWER,,14.35,,14.35
153,6/1/2016,6,/T,TRASH,,15.21,,15.21
154,6/1/2016,4,/R,RENT,,760.20,,760.20
154,6/1/2016,5,/S,SEWER,,14.35,,14.35
154,6/1/2016,6,/T,TRASH,,15.21,,15.21
155,6/1/2016,4,/R,RENT,,760.20,,760.20
155,6/1/2016,5,/S,SEWER,,14.35,,14.35
155,6/1/2016,6,/T,TRASH,,15.21,,15.21
156,6/1/2016,4,/R,RENT,,760.20,,760.20
156,6/1/2016,5,/S,SEWER,,14.35,,14.35
156,6/1/2016,6,/T,TRASH,,15.21,,15.21
157,6/1/2016,4,/R,RENT,,748.10,,748.10
157,6/1/2016,5,/S,SEWER,,14.35,,14.35
157,6/1/2016,6,/T,TRASH,,15.21,,15.21
158,6/1/2016,4,/R,RENT,,745.29,,745.29
158,6/1/2016,5,/S,SEWER,,14.35,,14.35
158,6/1/2016,6,/T,TRASH,,15.21,,15.21
159,6/1/2016,4,/R,RENT,,748.10,,748.10
159,6/1/2016,5,/S,SEWER,,14.35,,14.35
159,6/1/2016,6,/T,TRASH,,15.21,,15.21
16,6/1/2016,4,/R,RENT,,748.10,,748.10
16,6/1/2016,5,/S,SEWER,,14.35,,14.35
16,6/1/2016,6,/T,TRASH,,15.21,,15.21
160,6/1/2016,4,/R,RENT,,748.10,,748.10
160,6/1/2016,5,/S,SEWER,,14.35,,14.35
160,6/1/2016,6,/T,TRASH,,15.21,,15.21
161,6/1/2016,4,/R,RENT,,748.10,,748.10
161,6/1/2016,5,/S,SEWER,,14.35,,14.35
161,6/1/2016,6,/T,TRASH,,15.21,,15.21
162,6/1/2016,4,/R,RENT,,760.20,,760.20
162,6/1/2016,5,/S,SEWER,,14.35,,14.35
162,6/1/2016,6,/T,TRASH,,15.21,,15.21
163,6/1/2016,4,/R,RENT,,745.20,,745.20
163,6/1/2016,5,/S,SEWER,,14.35,,14.35
163,6/1/2016,6,/T,TRASH,,15.21,,15.21
164,6/1/2016,4,/R,RENT,,748.10,,748.10
164,6/1/2016,5,/S,SEWER,,14.35,,14.35
164,6/1/2016,6,/T,TRASH,,15.21,,15.21
165,6/1/2016,4,/R,RENT,,607.98,,607.98
165,6/1/2016,5,/S,SEWER,,14.35,,14.35
165,6/1/2016,6,/T,TRASH,,15.21,,15.21
166,6/1/2016,4,/R,RENT,,745.20,,745.20
166,6/1/2016,5,/S,SEWER,,14.35,,14.35
166,6/1/2016,6,/T,TRASH,,15.21,,15.21
167,6/1/2016,4,/R,RENT,,749.85,,749.85
167,6/1/2016,5,/S,SEWER,,14.35,,14.35
167,6/1/2016,6,/T,TRASH,,15.21,,15.21
168,6/1/2016,4,/R,RENT,,748.10,,748.10
168,6/1/2016,5,/S,SEWER,,14.35,,14.35
168,6/1/2016,6,/T,TRASH,,15.21,,15.21
169,6/1/2016,4,/R,RENT,,749.85,,749.85
169,6/1/2016,5,/S,SEWER,,14.35,,14.35
169,6/1/2016,6,/T,TRASH,,15.21,,15.21
17,6/1/2016,4,/R,RENT,,748.10,,748.10
17,6/1/2016,5,/S,SEWER,,14.35,,14.35
17,6/1/2016,6,/T,TRASH,,15.21,,15.21
170,6/1/2016,4,/R,RENT,,748.10,,748.10
170,6/1/2016,5,/S,SEWER,,14.35,,14.35
170,6/1/2016,6,/T,TRASH,,15.21,,15.21
171,6/1/2016,4,/R,RENT,,749.85,,749.85
171,6/1/2016,5,/S,SEWER,,14.35,,14.35
171,6/1/2016,6,/T,TRASH,,15.21,,15.21
172,6/1/2016,4,/R,RENT,,760.20,,760.20
172,6/1/2016,5,/S,SEWER,,14.35,,14.35
172,6/1/2016,6,/T,TRASH,,15.21,,15.21
173,6/1/2016,4,/R,RENT,,748.10,,748.10
173,6/1/2016,5,/S,SEWER,,14.35,,14.35
173,6/1/2016,6,/T,TRASH,,15.21,,15.21
174,6/1/2016,4,/R,RENT,,735.37,,735.37
174,6/1/2016,5,/S,SEWER,,14.35,,14.35
174,6/1/2016,6,/T,TRASH,,15.21,,15.21
175,6/1/2016,4,/R,RENT,,662.46,,662.46
175,6/1/2016,5,/S,SEWER,,14.35,,14.35
175,6/1/2016,6,/T,TRASH,,15.21,,15.21
176,6/1/2016,4,/R,RENT,,748.10,,748.10
176,6/1/2016,5,/S,SEWER,,14.35,,14.35
176,6/1/2016,6,/T,TRASH,,15.21,,15.21
177,6/1/2016,4,/R,RENT,,749.85,,749.85
177,6/1/2016,5,/S,SEWER,,14.35,,14.35
177,6/1/2016,6,/T,TRASH,,15.21,,15.21
178,6/1/2016,4,/R,RENT,,760.20,,760.20
178,6/1/2016,5,/S,SEWER,,14.35,,14.35
178,6/1/2016,6,/T,TRASH,,15.21,,15.21
179,6/1/2016,4,/R,RENT,,748.10,,748.10
179,6/1/2016,5,/S,SEWER,,14.35,,14.35
179,6/1/2016,6,/T,TRASH,,15.21,,15.21
18,6/1/2016,4,/R,RENT,,748.10,,748.10
18,6/1/2016,5,/S,SEWER,,14.35,,14.35
18,6/1/2016,6,/T,TRASH,,15.21,,15.21
180,6/1/2016,4,/R,RENT,,760.20,,760.20
180,6/1/2016,5,/S,SEWER,,14.35,,14.35
180,6/1/2016,6,/T,TRASH,,15.21,,15.21
181,6/1/2016,4,/R,RENT,,760.20,,760.20
181,6/1/2016,5,/S,SEWER,,14.35,,14.35
181,6/1/2016,6,/T,TRASH,,15.21,,15.21
182,6/1/2016,4,/R,RENT,,760.20,,760.20
182,6/1/2016,5,/S,SEWER,,14.35,,14.35
182,6/1/2016,6,/T,TRASH,,15.21,,15.21
183,6/1/2016,4,/R,RENT,,739.26,,739.26
183,6/1/2016,5,/S,SEWER,,14.35,,14.35
183,6/1/2016,6,/T,TRASH,,15.21,,15.21
184,6/1/2016,4,/R,RENT,,737.77,,737.77
184,6/1/2016,5,/S,SEWER,,14.35,,14.35
184,6/1/2016,6,/T,TRASH,,15.21,,15.21
185,6/1/2016,4,/R,RENT,,748.10,,748.10
185,6/1/2016,5,/S,SEWER,,14.35,,14.35
185,6/1/2016,6,/T,TRASH,,15.21,,15.21
186,6/1/2016,4,/R,RENT,,745.20,,745.20
186,6/1/2016,5,/S,SEWER,,14.35,,14.35
186,6/1/2016,6,/T,TRASH,,15.21,,15.21
187,6/1/2016,4,/R,RENT,,760.20,,760.20
187,6/1/2016,5,/S,SEWER,,14.35,,14.35
187,6/1/2016,6,/T,TRASH,,15.21,,15.21
188,6/1/2016,4,/R,RENT,,749.85,,749.85
188,6/1/2016,5,/S,SEWER,,14.35,,14.35
188,6/1/2016,6,/T,TRASH,,15.21,,15.21
189,6/1/2016,4,/R,RENT,,748.10,,748.10
189,6/1/2016,5,/S,SEWER,,14.35,,14.35
189,6/1/2016,6,/T,TRASH,,15.21,,15.21
19,6/1/2016,4,/R,RENT,,748.10,,748.10
19,6/1/2016,5,/S,SEWER,,14.35,,14.35
19,6/1/2016,6,/T,TRASH,,15.21,,15.21
190,6/1/2016,4,/R,RENT,,760.20,,760.20
190,6/1/2016,5,/S,SEWER,,14.35,,14.35
190,6/1/2016,6,/T,TRASH,,15.21,,15.21
191,6/1/2016,4,/R,RENT,,760.20,,760.20
191,6/1/2016,5,/S,SEWER,,14.35,,14.35
191,6/1/2016,6,/T,TRASH,,15.21,,15.21
192,6/1/2016,4,/R,RENT,,748.10,,748.10
192,6/1/2016,5,/S,SEWER,,14.35,,14.35
192,6/1/2016,6,/T,TRASH,,15.21,,15.21
193,6/1/2016,4,/R,RENT,,760.20,,760.20
193,6/1/2016,5,/S,SEWER,,14.35,,14.35
193,6/1/2016,6,/T,TRASH,,15.21,,15.21
194,6/1/2016,4,/R,RENT,,739.26,,739.26
194,6/1/2016,5,/S,SEWER,,14.35,,14.35
194,6/1/2016,6,/T,TRASH,,15.21,,15.21
195,6/1/2016,4,/R,RENT,,749.85,,749.85
195,6/1/2016,5,/S,SEWER,,14.35,,14.35
195,6/1/2016,6,/T,TRASH,,15.21,,15.21
196,6/1/2016,4,/R,RENT,,760.20,,760.20
196,6/1/2016,5,/S,SEWER,,14.35,,14.35
196,6/1/2016,6,/T,TRASH,,15.21,,15.21
197,6/1/2016,4,/R,RENT,,760.20,,760.20
197,6/1/2016,5,/S,SEWER,,14.35,,14.35
197,6/1/2016,6,/T,TRASH,,15.21,,15.21
198,6/1/2016,4,/R,RENT,,749.85,,749.85
198,6/1/2016,5,/S,SEWER,,14.35,,14.35
198,6/1/2016,6,/T,TRASH,,15.21,,15.21
2,6/1/2016,4,/R,RENT,,749.85,,749.85
2,6/1/2016,5,/S,SEWER,,14.35,,14.35
2,6/1/2016,6,/T,TRASH,,15.21,,15.21
20,6/1/2016,4,/R,RENT,,748.10,,748.10
20,6/1/2016,5,/S,SEWER,,14.35,,14.35
20,6/1/2016,6,/T,TRASH,,15.21,,15.21
200,6/1/2016,4,/R,RENT,,734.91,,734.91
200,6/1/2016,5,/S,SEWER,,14.35,,14.35
200,6/1/2016,6,/T,TRASH,,15.21,,15.21
201,6/1/2016,4,/R,RENT,,745.20,,745.20
201,6/1/2016,5,/S,SEWER,,14.35,,14.35
201,6/1/2016,6,/T,TRASH,,15.21,,15.21
202,6/1/2016,4,/R,RENT,,745.29,,745.29
202,6/1/2016,5,/S,SEWER,,14.35,,14.35
202,6/1/2016,6,/T,TRASH,,15.21,,15.21
203,6/1/2016,4,/R,RENT,,748.10,,748.10
203,6/1/2016,5,/S,SEWER,,14.35,,14.35
203,6/1/2016,6,/T,TRASH,,15.21,,15.21
204,6/1/2016,4,/R,RENT,,748.10,,748.10
204,6/1/2016,5,/S,SEWER,,14.35,,14.35
204,6/1/2016,6,/T,TRASH,,15.21,,15.21
205,6/1/2016,4,/R,RENT,,698.92,,698.92
205,6/1/2016,5,/S,SEWER,,14.35,,14.35
205,6/1/2016,6,/T,TRASH,,15.21,,15.21
206,6/1/2016,4,/R,RENT,,760.20,,760.20
206,6/1/2016,5,/S,SEWER,,14.35,,14.35
206,6/1/2016,6,/T,TRASH,,15.21,,15.21
207,6/1/2016,4,/R,RENT,,760.20,,760.20
207,6/1/2016,5,/S,SEWER,,14.35,,14.35
207,6/1/2016,6,/T,TRASH,,15.21,,15.21
208,6/1/2016,4,/R,RENT,,748.10,,748.10
208,6/1/2016,5,/S,SEWER,,14.35,,14.35
208,6/1/2016,6,/T,TRASH,,15.21,,15.21
209,6/1/2016,4,/R,RENT,,748.10,,748.10
209,6/1/2016,5,/S,SEWER,,14.35,,14.35
209,6/1/2016,6,/T,TRASH,,15.21,,15.21
21,6/1/2016,4,/R,RENT,,748.10,,748.10
21,6/1/2016,5,/S,SEWER,,14.35,,14.35
21,6/1/2016,6,/T,TRASH,,15.21,,15.21
210,6/1/2016,4,/R,RENT,,748.10,,748.10
210,6/1/2016,5,/S,SEWER,,14.35,,14.35
210,6/1/2016,6,/T,TRASH,,15.21,,15.21
211,6/1/2016,4,/R,RENT,,748.10,,748.10
211,6/1/2016,5,/S,SEWER,,14.35,,14.35
211,6/1/2016,6,/T,TRASH,,15.21,,15.21
212,6/1/2016,4,/R,RENT,,745.20,,745.20
212,6/1/2016,5,/S,SEWER,,14.35,,14.35
212,6/1/2016,6,/T,TRASH,,15.21,,15.21
213,6/1/2016,4,/R,RENT,,748.10,,748.10
213,6/1/2016,5,/S,SEWER,,14.35,,14.35
213,6/1/2016,6,/T,TRASH,,15.21,,15.21
214,6/1/2016,4,/R,RENT,,748.10,,748.10
214,6/1/2016,5,/S,SEWER,,14.35,,14.35
214,6/1/2016,6,/T,TRASH,,15.21,,15.21
215,6/1/2016,4,/R,RENT,,745.20,,745.20
215,6/1/2016,5,/S,SEWER,,14.35,,14.35
215,6/1/2016,6,/T,TRASH,,15.21,,15.21
216,6/1/2016,4,/R,RENT,,735.37,,735.37
216,6/1/2016,5,/S,SEWER,,14.35,,14.35
216,6/1/2016,6,/T,TRASH,,15.21,,15.21
217,6/1/2016,4,/R,RENT,,721.88,,721.88
217,6/1/2016,5,/S,SEWER,,14.35,,14.35
217,6/1/2016,6,/T,TRASH,,15.21,,15.21
218,6/1/2016,4,/R,RENT,,748.10,,748.10
218,6/1/2016,5,/S,SEWER,,14.35,,14.35
218,6/1/2016,6,/T,TRASH,,15.21,,15.21
219,6/1/2016,4,/R,RENT,,748.10,,748.10
219,6/1/2016,5,/S,SEWER,,14.35,,14.35
219,6/1/2016,6,/T,TRASH,,15.21,,15.21
22,6/1/2016,4,/R,RENT,,748.10,,748.10
22,6/1/2016,5,/S,SEWER,,14.35,,14.35
22,6/1/2016,6,/T,TRASH,,15.21,,15.21
220,6/1/2016,4,/R,RENT,,760.20,,760.20
220,6/1/2016,5,/S,SEWER,,14.35,,14.35
220,6/1/2016,6,/T,TRASH,,15.21,,15.21
221,6/1/2016,4,/R,RENT,,748.10,,748.10
221,6/1/2016,5,/S,SEWER,,14.35,,14.35
221,6/1/2016,6,/T,TRASH,,15.21,,15.21
222,6/1/2016,4,/R,RENT,,734.91,,734.91
222,6/1/2016,5,/S,SEWER,,14.35,,14.35
222,6/1/2016,6,/T,TRASH,,15.21,,15.21
223,6/1/2016,4,/R,RENT,,760.20,,760.20
223,6/1/2016,5,/S,SEWER,,14.35,,14.35
223,6/1/2016,6,/T,TRASH,,15.21,,15.21
224,6/1/2016,4,/R,RENT,,721.88,,721.88
224,6/1/2016,5,/S,SEWER,,14.35,,14.35
224,6/1/2016,6,/T,TRASH,,15.21,,15.21
225,6/1/2016,4,/R,RENT,,748.10,,748.10
225,6/1/2016,5,/S,SEWER,,14.35,,14.35
225,6/1/2016,6,/T,TRASH,,15.21,,15.21
226,6/1/2016,4,/R,RENT,,720.32,,720.32
226,6/1/2016,5,/S,SEWER,,14.35,,14.35
226,6/1/2016,6,/T,TRASH,,15.21,,15.21
227,6/1/2016,4,/R,RENT,,760.20,,760.20
227,6/1/2016,5,/S,SEWER,,14.35,,14.35
227,6/1/2016,6,/T,TRASH,,15.21,,15.21
228,6/1/2016,4,/R,RENT,,748.10,,748.10
228,6/1/2016,5,/S,SEWER,,14.35,,14.35
228,6/1/2016,6,/T,TRASH,,15.21,,15.21
229,6/1/2016,4,/R,RENT,,760.20,,760.20
229,6/1/2016,5,/S,SEWER,,14.35,,14.35
229,6/1/2016,6,/T,TRASH,,15.21,,15.21
23,6/1/2016,4,/R,RENT,,739.26,,739.26
23,6/1/2016,5,/S,SEWER,,14.35,,14.35
23,6/1/2016,6,/T,TRASH,,15.21,,15.21
230,6/1/2016,4,/R,RENT,,760.20,,760.20
230,6/1/2016,5,/S,SEWER,,14.35,,14.35
230,6/1/2016,6,/T,TRASH,,15.21,,15.21
231,6/1/2016,4,/R,RENT,,681.41,,681.41
231,6/1/2016,5,/S,SEWER,,14.35,,14.35
231,6/1/2016,6,/T,TRASH,,15.21,,15.21
232,6/1/2016,4,/R,RENT,,734.91,,734.91
232,6/1/2016,5,/S,SEWER,,14.35,,14.35
232,6/1/2016,6,/T,TRASH,,15.21,,15.21
233,6/1/2016,4,/R,RENT,,739.26,,739.26
233,6/1/2016,5,/S,SEWER,,14.35,,14.35
233,6/1/2016,6,/T,TRASH,,15.21,,15.21
234,6/1/2016,4,/R,RENT,,748.10,,748.10
234,6/1/2016,5,/S,SEWER,,14.35,,14.35
234,6/1/2016,6,/T,TRASH,,15.21,,15.21
235,6/1/2016,4,/R,RENT,,748.10,,748.10
235,6/1/2016,5,/S,SEWER,,14.35,,14.35
235,6/1/2016,6,/T,TRASH,,15.21,,15.21
236,6/1/2016,4,/R,RENT,,748.10,,748.10
236,6/1/2016,5,/S,SEWER,,14.35,,14.35
236,6/1/2016,6,/T,TRASH,,15.21,,15.21
237,6/1/2016,4,/R,RENT,,760.20,,760.20
237,6/1/2016,5,/S,SEWER,,14.35,,14.35
237,6/1/2016,6,/T,TRASH,,15.21,,15.21
238,6/1/2016,4,/R,RENT,,748.10,,748.10
238,6/1/2016,5,/S,SEWER,,14.35,,14.35
238,6/1/2016,6,/T,TRASH,,15.21,,15.21
239,6/1/2016,4,/R,RENT,,748.10,,748.10
239,6/1/2016,5,/S,SEWER,,14.35,,14.35
239,6/1/2016,6,/T,TRASH,,15.21,,15.21
24,6/1/2016,4,/R,RENT,,748.10,,748.10
24,6/1/2016,5,/S,SEWER,,14.35,,14.35
24,6/1/2016,6,/T,TRASH,,15.21,,15.21
240,6/1/2016,4,/R,RENT,,734.91,,734.91
240,6/1/2016,5,/S,SEWER,,14.35,,14.35
240,6/1/2016,6,/T,TRASH,,15.21,,15.21
241,6/1/2016,4,/R,RENT,,760.20,,760.20
241,6/1/2016,5,/S,SEWER,,14.35,,14.35
241,6/1/2016,6,/T,TRASH,,15.21,,15.21
242,6/1/2016,4,/R,RENT,,749.85,,749.85
242,6/1/2016,5,/S,SEWER,,14.35,,14.35
242,6/1/2016,6,/T,TRASH,,15.21,,15.21
243,6/1/2016,4,/R,RENT,,745.20,,745.20
243,6/1/2016,5,/S,SEWER,,14.35,,14.35
243,6/1/2016,6,/T,TRASH,,15.21,,15.21
244,6/1/2016,4,/R,RENT,,748.10,,748.10
244,6/1/2016,5,/S,SEWER,,14.35,,14.35
244,6/1/2016,6,/T,TRASH,,15.21,,15.21
245,6/1/2016,4,/R,RENT,,748.10,,748.10
245,6/1/2016,5,/S,SEWER,,14.35,,14.35
245,6/1/2016,6,/T,TRASH,,15.21,,15.21
246,6/1/2016,4,/R,RENT,,760.20,,760.20
246,6/1/2016,5,/S,SEWER,,14.35,,14.35
246,6/1/2016,6,/T,TRASH,,15.21,,15.21
247,6/1/2016,4,/R,RENT,,673.83,,673.83
247,6/1/2016,5,/S,SEWER,,14.35,,14.35
247,6/1/2016,6,/T,TRASH,,15.21,,15.21
248,6/1/2016,4,/R,RENT,,745.29,,745.29
248,6/1/2016,5,/S,SEWER,,14.35,,14.35
248,6/1/2016,6,/T,TRASH,,15.21,,15.21
249,6/1/2016,4,/R,RENT,,748.10,,748.10
249,6/1/2016,5,/S,SEWER,,14.35,,14.35
249,6/1/2016,6,/T,TRASH,,15.21,,15.21
25,6/1/2016,4,/R,RENT,,715.99,,715.99
25,6/1/2016,5,/S,SEWER,,14.35,,14.35
25,6/1/2016,6,/T,TRASH,,15.21,,15.21
250,6/1/2016,4,/R,RENT,,760.20,,760.20
250,6/1/2016,5,/S,SEWER,,14.35,,14.35
250,6/1/2016,6,/T,TRASH,,15.21,,15.21
251,6/1/2016,4,/R,RENT,,748.10,,748.10
251,6/1/2016,5,/S,SEWER,,14.35,,14.35
251,6/1/2016,6,/T,TRASH,,15.21,,15.21
252,6/1/2016,4,/R,RENT,,748.10,,748.10
252,6/1/2016,5,/S,SEWER,,14.35,,14.35
252,6/1/2016,6,/T,TRASH,,15.21,,15.21
253,6/1/2016,4,/R,RENT,,739.26,,739.26
253,6/1/2016,5,/S,SEWER,,14.35,,14.35
253,6/1/2016,6,/T,TRASH,,15.21,,15.21
254,6/1/2016,4,/R,RENT,,731.24,,731.24
254,6/1/2016,5,/S,SEWER,,14.35,,14.35
254,6/1/2016,6,/T,TRASH,,15.21,,15.21
255,6/1/2016,4,/R,RENT,,748.10,,748.10
255,6/1/2016,5,/S,SEWER,,14.35,,14.35
255,6/1/2016,6,/T,TRASH,,15.21,,15.21
256,6/1/2016,4,/R,RENT,,735.37,,735.37
256,6/1/2016,5,/S,SEWER,,14.35,,14.35
256,6/1/2016,6,/T,TRASH,,15.21,,15.21
257,6/1/2016,4,/R,RENT,,748.10,,748.10
257,6/1/2016,5,/S,SEWER,,14.35,,14.35
257,6/1/2016,6,/T,TRASH,,15.21,,15.21
258,6/1/2016,4,/R,RENT,,748.10,,748.10
258,6/1/2016,5,/S,SEWER,,14.35,,14.35
258,6/1/2016,6,/T,TRASH,,15.21,,15.21
259,6/1/2016,4,/R,RENT,,760.20,,760.20
259,6/1/2016,5,/S,SEWER,,14.35,,14.35
259,6/1/2016,6,/T,TRASH,,15.21,,15.21
26,6/1/2016,4,/R,RENT,,745.20,,745.20
26,6/1/2016,5,/S,SEWER,,14.35,,14.35
26,6/1/2016,6,/T,TRASH,,15.21,,15.21
260,6/1/2016,4,/R,RENT,,748.10,,748.10
260,6/1/2016,5,/S,SEWER,,14.35,,14.35
260,6/1/2016,6,/T,TRASH,,15.21,,15.21
261,6/1/2016,4,/R,RENT,,748.10,,748.10
261,6/1/2016,5,/S,SEWER,,14.35,,14.35
261,6/1/2016,6,/T,TRASH,,15.21,,15.21
262,6/1/2016,4,/R,RENT,,760.20,,760.20
262,6/1/2016,5,/S,SEWER,,14.35,,14.35
262,6/1/2016,6,/T,TRASH,,15.21,,15.21
263,6/1/2016,4,/R,RENT,,745.29,,745.29
263,6/1/2016,5,/S,SEWER,,14.35,,14.35
263,6/1/2016,6,/T,TRASH,,15.21,,15.21
264,6/1/2016,4,/R,RENT,,760.20,,760.20
264,6/1/2016,5,/S,SEWER,,14.35,,14.35
264,6/1/2016,6,/T,TRASH,,15.21,,15.21
265,6/1/2016,4,/R,RENT,,700.99,,700.99
265,6/1/2016,5,/S,SEWER,,14.35,,14.35
265,6/1/2016,6,/T,TRASH,,15.21,,15.21
266,6/1/2016,4,/R,RENT,,748.10,,748.10
266,6/1/2016,5,/S,SEWER,,14.35,,14.35
266,6/1/2016,6,/T,TRASH,,15.21,,15.21
267,6/1/2016,4,/R,RENT,,745.20,,745.20
267,6/1/2016,5,/S,SEWER,,14.35,,14.35
267,6/1/2016,6,/T,TRASH,,15.21,,15.21
268,6/1/2016,4,/R,RENT,,748.10,,748.10
268,6/1/2016,5,/S,SEWER,,14.35,,14.35
268,6/1/2016,6,/T,TRASH,,15.21,,15.21
269,6/1/2016,4,/R,RENT,,760.20,,760.20
269,6/1/2016,5,/S,SEWER,,14.35,,14.35
269,6/1/2016,6,/T,TRASH,,15.21,,15.21
27,6/1/2016,4,/R,RENT,,745.20,,745.20
27,6/1/2016,5,/S,SEWER,,14.35,,14.35
27,6/1/2016,6,/T,TRASH,,15.21,,15.21
270,6/1/2016,4,/R,RENT,,748.10,,748.10
270,6/1/2016,5,/S,SEWER,,14.35,,14.35
270,6/1/2016,6,/T,TRASH,,15.21,,15.21
271,6/1/2016,4,/R,RENT,,748.10,,748.10
271,6/1/2016,5,/S,SEWER,,14.35,,14.35
271,6/1/2016,6,/T,TRASH,,15.21,,15.21
272,6/1/2016,4,/R,RENT,,760.20,,760.20
272,6/1/2016,5,/S,SEWER,,14.35,,14.35
272,6/1/2016,6,/T,TRASH,,15.21,,15.21
273,6/1/2016,4,/R,RENT,,760.20,,760.20
273,6/1/2016,5,/S,SEWER,,14.35,,14.35
273,6/1/2016,6,/T,TRASH,,15.21,,15.21
274,6/1/2016,4,/R,RENT,,760.20,,760.20
274,6/1/2016,5,/S,SEWER,,14.35,,14.35
274,6/1/2016,6,/T,TRASH,,15.21,,15.21
275,6/1/2016,4,/R,RENT,,695.04,,695.04
275,6/1/2016,5,/S,SEWER,,14.35,,14.35
275,6/1/2016,6,/T,TRASH,,15.21,,15.21
276,6/1/2016,4,/R,RENT,,748.10,,748.10
276,6/1/2016,5,/S,SEWER,,14.35,,14.35
276,6/1/2016,6,/T,TRASH,,15.21,,15.21
277,6/1/2016,4,/R,RENT,,760.20,,760.20
277,6/1/2016,5,/S,SEWER,,14.35,,14.35
277,6/1/2016,6,/T,TRASH,,15.21,,15.21
278,6/1/2016,4,/R,RENT,,760.20,,760.20
278,6/1/2016,5,/S,SEWER,,14.35,,14.35
278,6/1/2016,6,/T,TRASH,,15.21,,15.21
279,6/1/2016,4,/R,RENT,,748.10,,748.10
279,6/1/2016,5,/S,SEWER,,14.35,,14.35
279,6/1/2016,6,/T,TRASH,,15.21,,15.21
28,6/1/2016,4,/R,RENT,,760.20,,760.20
28,6/1/2016,5,/S,SEWER,,14.35,,14.35
28,6/1/2016,6,/T,TRASH,,15.21,,15.21
280,6/1/2016,4,/R,RENT,,760.20,,760.20
280,6/1/2016,5,/S,SEWER,,14.35,,14.35
280,6/1/2016,6,/T,TRASH,,15.21,,15.21
281,6/1/2016,4,/R,RENT,,760.20,,760.20
281,6/1/2016,5,/S,SEWER,,14.35,,14.35
281,6/1/2016,6,/T,TRASH,,15.21,,15.21
282,6/1/2016,4,/R,RENT,,748.10,,748.10
282,6/1/2016,5,/S,SEWER,,14.35,,14.35
282,6/1/2016,6,/T,TRASH,,15.21,,15.21
283,6/1/2016,4,/R,RENT,,760.20,,760.20
283,6/1/2016,5,/S,SEWER,,14.35,,14.35
283,6/1/2016,6,/T,TRASH,,15.21,,15.21
284,6/1/2016,4,/R,RENT,,760.20,,760.20
284,6/1/2016,5,/S,SEWER,,14.35,,14.35
284,6/1/2016,6,/T,TRASH,,15.21,,15.21
285,6/1/2016,4,/R,RENT,,733.43,,733.43
285,6/1/2016,5,/S,SEWER,,14.35,,14.35
285,6/1/2016,6,/T,TRASH,,15.21,,15.21
286,6/1/2016,4,/R,RENT,,748.10,,748.10
286,6/1/2016,5,/S,SEWER,,14.35,,14.35
286,6/1/2016,6,/T,TRASH,,15.21,,15.21
287,6/1/2016,4,/R,RENT,,745.29,,745.29
287,6/1/2016,5,/S,SEWER,,14.35,,14.35
287,6/1/2016,6,/T,TRASH,,15.21,,15.21
288,6/1/2016,4,/R,RENT,,749.85,,749.85
288,6/1/2016,5,/S,SEWER,,14.35,,14.35
288,6/1/2016,6,/T,TRASH,,15.21,,15.21
289,6/1/2016,4,/R,RENT,,760.20,,760.20
289,6/1/2016,5,/S,SEWER,,14.35,,14.35
289,6/1/2016,6,/T,TRASH,,15.21,,15.21
29,6/1/2016,4,/R,RENT,,748.10,,748.10
29,6/1/2016,5,/S,SEWER,,14.35,,14.35
29,6/1/2016,6,/T,TRASH,,15.21,,15.21
290,6/1/2016,4,/R,RENT,,760.20,,760.20
290,6/1/2016,5,/S,SEWER,,14.35,,14.35
290,6/1/2016,6,/T,TRASH,,15.21,,15.21
291,6/1/2016,4,/R,RENT,,760.20,,760.20
291,6/1/2016,5,/S,SEWER,,14.35,,14.35
291,6/1/2016,6,/T,TRASH,,15.21,,15.21
292,6/1/2016,4,/R,RENT,,749.70,,749.70
292,6/1/2016,5,/S,SEWER,,14.35,,14.35
292,6/1/2016,6,/T,TRASH,,15.21,,15.21
293,6/1/2016,4,/R,RENT,,748.10,,748.10
293,6/1/2016,5,/S,SEWER,,14.35,,14.35
293,6/1/2016,6,/T,TRASH,,15.21,,15.21
294,6/1/2016,4,/R,RENT,,749.85,,749.85
294,6/1/2016,5,/S,SEWER,,14.35,,14.35
294,6/1/2016,6,/T,TRASH,,15.21,,15.21
295,6/1/2016,4,/R,RENT,,760.20,,760.20
295,6/1/2016,5,/S,SEWER,,14.35,,14.35
295,6/1/2016,6,/T,TRASH,,15.21,,15.21
296,6/1/2016,4,/R,RENT,,760.20,,760.20
296,6/1/2016,5,/S,SEWER,,14.35,,14.35
296,6/1/2016,6,/T,TRASH,,15.21,,15.21
297,6/1/2016,4,/R,RENT,,698.92,,698.92
297,6/1/2016,5,/S,SEWER,,14.35,,14.35
297,6/1/2016,6,/T,TRASH,,15.21,,15.21
298,6/1/2016,4,/R,RENT,,749.70,,749.70
298,6/1/2016,5,/S,SEWER,,14.35,,14.35
298,6/1/2016,6,/T,TRASH,,15.21,,15.21
299,6/1/2016,4,/R,RENT,,749.70,,749.70
299,6/1/2016,5,/S,SEWER,,14.35,,14.35
299,6/1/2016,6,/T,TRASH,,15.21,,15.21
3,6/1/2016,4,/R,RENT,,748.10,,748.10
3,6/1/2016,5,/S,SEWER,,14.35,,14.35
3,6/1/2016,6,/T,TRASH,,15.21,,15.21
30,6/1/2016,4,/R,RENT,,760.20,,760.20
30,6/1/2016,5,/S,SEWER,,14.35,,14.35
30,6/1/2016,6,/T,TRASH,,15.21,,15.21
300,6/1/2016,4,/R,RENT,,749.70,,749.70
300,6/1/2016,5,/S,SEWER,,14.35,,14.35
300,6/1/2016,6,/T,TRASH,,15.21,,15.21
301,6/1/2016,4,/R,RENT,,749.70,,749.70
301,6/1/2016,5,/S,SEWER,,14.35,,14.35
301,6/1/2016,6,/T,TRASH,,15.21,,15.21
302,6/1/2016,4,/R,RENT,,749.70,,749.70
302,6/1/2016,5,/S,SEWER,,14.35,,14.35
302,6/1/2016,6,/T,TRASH,,15.21,,15.21
303,6/1/2016,4,/R,RENT,,760.20,,760.20
303,6/1/2016,5,/S,SEWER,,14.35,,14.35
303,6/1/2016,6,/T,TRASH,,15.21,,15.21
304,6/1/2016,4,/R,RENT,,760.20,,760.20
304,6/1/2016,5,/S,SEWER,,14.35,,14.35
304,6/1/2016,6,/T,TRASH,,15.21,,15.21
305,6/1/2016,4,/R,RENT,,760.20,,760.20
305,6/1/2016,5,/S,SEWER,,14.35,,14.35
305,6/1/2016,6,/T,TRASH,,15.21,,15.21
306,6/1/2016,4,/R,RENT,,749.70,,749.70
306,6/1/2016,5,/S,SEWER,,14.35,,14.35
306,6/1/2016,6,/T,TRASH,,15.21,,15.21
307,6/1/2016,4,/R,RENT,,760.00,,760.00
307,6/1/2016,5,/S,SEWER,,14.35,,14.35
307,6/1/2016,6,/T,TRASH,,15.21,,15.21
308,6/1/2016,4,/R,RENT,,760.20,,760.20
308,6/1/2016,5,/S,SEWER,,14.35,,14.35
308,6/1/2016,6,/T,TRASH,,15.21,,15.21
309,6/1/2016,4,/R,RENT,,748.10,,748.10
309,6/1/2016,5,/S,SEWER,,14.35,,14.35
309,6/1/2016,6,/T,TRASH,,15.21,,15.21
31,6/1/2016,4,/R,RENT,,748.10,,748.10
31,6/1/2016,5,/S,SEWER,,14.35,,14.35
31,6/1/2016,6,/T,TRASH,,15.21,,15.21
310,6/1/2016,4,/R,RENT,,760.20,,760.20
310,6/1/2016,5,/S,SEWER,,14.35,,14.35
310,6/1/2016,6,/T,TRASH,,15.21,,15.21
311,6/1/2016,4,/R,RENT,,760.20,,760.20
311,6/1/2016,5,/S,SEWER,,14.35,,14.35
311,6/1/2016,6,/T,TRASH,,15.21,,15.21
32,6/1/2016,4,/R,RENT,,739.26,,739.26
32,6/1/2016,5,/S,SEWER,,14.35,,14.35
32,6/1/2016,6,/T,TRASH,,15.21,,15.21
33,6/1/2016,4,/R,RENT,,748.10,,748.10
33,6/1/2016,5,/S,SEWER,,14.35,,14.35
33,6/1/2016,6,/T,TRASH,,15.21,,15.21
34,6/1/2016,4,/R,RENT,,760.20,,760.20
34,6/1/2016,5,/S,SEWER,,14.35,,14.35
34,6/1/2016,6,/T,TRASH,,15.21,,15.21
35,6/1/2016,4,/R,RENT,,749.85,,749.85
35,6/1/2016,5,/S,SEWER,,14.35,,14.35
35,6/1/2016,6,/T,TRASH,,15.21,,15.21
36,6/1/2016,4,/R,RENT,,748.10,,748.10
36,6/1/2016,5,/S,SEWER,,14.35,,14.35
36,6/1/2016,6,/T,TRASH,,15.21,,15.21
37,6/1/2016,4,/R,RENT,,739.26,,739.26
37,6/1/2016,5,/S,SEWER,,14.35,,14.35
37,6/1/2016,6,/T,TRASH,,15.21,,15.21
38,6/1/2016,4,/R,RENT,,760.20,,760.20
38,6/1/2016,5,/S,SEWER,,14.35,,14.35
38,6/1/2016,6,/T,TRASH,,15.21,,15.21
39,6/1/2016,4,/R,RENT,,760.20,,760.20
39,6/1/2016,5,/S,SEWER,,14.35,,14.35
39,6/1/2016,6,/T,TRASH,,15.21,,15.21
4,6/1/2016,4,/R,RENT,,700.99,,700.99
4,6/1/2016,5,/S,SEWER,,14.35,,14.35
4,6/1/2016,6,/T,TRASH,,15.21,,15.21
40,6/1/2016,4,/R,RENT,,748.10,,748.10
40,6/1/2016,5,/S,SEWER,,14.35,,14.35
40,6/1/2016,6,/T,TRASH,,15.21,,15.21
41,6/1/2016,4,/R,RENT,,748.10,,748.10
41,6/1/2016,5,/S,SEWER,,14.35,,14.35
41,6/1/2016,6,/T,TRASH,,15.21,,15.21
42,6/1/2016,4,/R,RENT,,760.20,,760.20
42,6/1/2016,5,/S,SEWER,,14.35,,14.35
42,6/1/2016,6,/T,TRASH,,15.21,,15.21
43,6/1/2016,4,/R,RENT,,749.85,,749.85
43,6/1/2016,5,/S,SEWER,,14.35,,14.35
43,6/1/2016,6,/T,TRASH,,15.21,,15.21
44,6/1/2016,4,/R,RENT,,745.29,,745.29
44,6/1/2016,5,/S,SEWER,,14.35,,14.35
44,6/1/2016,6,/T,TRASH,,15.21,,15.21
45,6/1/2016,4,/R,RENT,,745.20,,745.20
45,6/1/2016,5,/S,SEWER,,14.35,,14.35
45,6/1/2016,6,/T,TRASH,,15.21,,15.21
46,6/1/2016,4,/R,RENT,,760.20,,760.20
46,6/1/2016,5,/S,SEWER,,14.35,,14.35
46,6/1/2016,6,/T,TRASH,,15.21,,15.21
47,6/1/2016,4,/R,RENT,,735.37,,735.37
47,6/1/2016,5,/S,SEWER,,14.35,,14.35
47,6/1/2016,6,/T,TRASH,,15.21,,15.21
48,6/1/2016,4,/R,RENT,,748.10,,748.10
48,6/1/2016,5,/S,SEWER,,14.35,,14.35
48,6/1/2016,6,/T,TRASH,,15.21,,15.21
49,6/1/2016,4,/R,RENT,,760.20,,760.20
49,6/1/2016,5,/S,SEWER,,14.35,,14.35
49,6/1/2016,6,/T,TRASH,,15.21,,15.21
5,6/1/2016,4,/R,RENT,,749.85,,749.85
5,6/1/2016,5,/S,SEWER,,14.35,,14.35
5,6/1/2016,6,/T,TRASH,,15.21,,15.21
50,6/1/2016,4,/R,RENT,,721.88,,721.88
50,6/1/2016,5,/S,SEWER,,14.35,,14.35
50,6/1/2016,6,/T,TRASH,,15.21,,15.21
51,6/1/2016,4,/R,RENT,,739.26,,739.26
51,6/1/2016,5,/S,SEWER,,14.35,,14.35
51,6/1/2016,6,/T,TRASH,,15.21,,15.21
52,6/1/2016,4,/R,RENT,,760.20,,760.20
52,6/1/2016,5,/S,SEWER,,14.35,,14.35
52,6/1/2016,6,/T,TRASH,,15.21,,15.21
53,6/1/2016,4,/R,RENT,,760.20,,760.20
53,6/1/2016,5,/S,SEWER,,14.35,,14.35
53,6/1/2016,6,/T,TRASH,,15.21,,15.21
54,6/1/2016,4,/R,RENT,,760.20,,760.20
54,6/1/2016,5,/S,SEWER,,14.35,,14.35
54,6/1/2016,6,/T,TRASH,,15.21,,15.21
55,6/1/2016,4,/R,RENT,,748.10,,748.10
55,6/1/2016,5,/S,SEWER,,14.35,,14.35
55,6/1/2016,6,/T,TRASH,,15.21,,15.21
56,6/1/2016,4,/R,RENT,,735.37,,735.37
56,6/1/2016,5,/S,SEWER,,14.35,,14.35
56,6/1/2016,6,/T,TRASH,,15.21,,15.21
57,6/1/2016,4,/R,RENT,,721.88,,721.88
57,6/1/2016,5,/S,SEWER,,14.35,,14.35
57,6/1/2016,6,/T,TRASH,,15.21,,15.21
58,6/1/2016,4,/R,RENT,,748.10,,748.10
58,6/1/2016,5,/S,SEWER,,14.35,,14.35
58,6/1/2016,6,/T,TRASH,,15.21,,15.21
59,6/1/2016,4,/R,RENT,,748.10,,748.10
59,6/1/2016,5,/S,SEWER,,14.35,,14.35
59,6/1/2016,6,/T,TRASH,,15.21,,15.21
6,6/1/2016,4,/R,RENT,,748.10,,748.10
6,6/1/2016,5,/S,SEWER,,14.35,,14.35
6,6/1/2016,6,/T,TRASH,,15.21,,15.21
60,6/1/2016,4,/R,RENT,,748.10,,748.10
60,6/1/2016,5,/S,SEWER,,14.35,,14.35
60,6/1/2016,6,/T,TRASH,,15.21,,15.21
61,6/1/2016,4,/R,RENT,,748.10,,748.10
61,6/1/2016,5,/S,SEWER,,14.35,,14.35
61,6/1/2016,6,/T,TRASH,,15.21,,15.21
62,6/1/2016,4,/R,RENT,,749.85,,749.85
62,6/1/2016,5,/S,SEWER,,14.35,,14.35
62,6/1/2016,6,/T,TRASH,,15.21,,15.21
63,6/1/2016,4,/R,RENT,,760.20,,760.20
63,6/1/2016,5,/S,SEWER,,14.35,,14.35
63,6/1/2016,6,/T,TRASH,,15.21,,15.21
64,6/1/2016,4,/R,RENT,,760.20,,760.20
64,6/1/2016,5,/S,SEWER,,14.35,,14.35
64,6/1/2016,6,/T,TRASH,,15.21,,15.21
65,6/1/2016,4,/R,RENT,,748.10,,748.10
65,6/1/2016,5,/S,SEWER,,14.35,,14.35
65,6/1/2016,6,/T,TRASH,,15.21,,15.21
66,6/1/2016,4,/R,RENT,,748.10,,748.10
66,6/1/2016,5,/S,SEWER,,14.35,,14.35
66,6/1/2016,6,/T,TRASH,,15.21,,15.21
67,6/1/2016,4,/R,RENT,,760.20,,760.20
67,6/1/2016,5,/S,SEWER,,14.35,,14.35
67,6/1/2016,6,/T,TRASH,,15.21,,15.21
68,6/1/2016,4,/R,RENT,,760.20,,760.20
68,6/1/2016,5,/S,SEWER,,14.35,,14.35
68,6/1/2016,6,/T,TRASH,,15.21,,15.21
69,6/1/2016,4,/R,RENT,,748.10,,748.10
69,6/1/2016,5,/S,SEWER,,14.35,,14.35
69,6/1/2016,6,/T,TRASH,,15.21,,15.21
7,6/1/2016,4,/R,RENT,,760.20,,760.20
7,6/1/2016,5,/S,SEWER,,14.35,,14.35
7,6/1/2016,6,/T,TRASH,,15.21,,15.21
70,6/1/2016,4,/R,RENT,,760.20,,760.20
70,6/1/2016,5,/S,SEWER,,14.35,,14.35
70,6/1/2016,6,/T,TRASH,,15.21,,15.21
71,6/1/2016,4,/R,RENT,,748.10,,748.10
71,6/1/2016,5,/S,SEWER,,14.35,,14.35
71,6/1/2016,6,/T,TRASH,,15.21,,15.21
72,6/1/2016,4,/R,RENT,,748.10,,748.10
72,6/1/2016,5,/S,SEWER,,14.35,,14.35
72,6/1/2016,6,/T,TRASH,,15.21,,15.21
73,6/1/2016,4,/R,RENT,,735.37,,735.37
73,6/1/2016,5,/S,SEWER,,14.35,,14.35
73,6/1/2016,6,/T,TRASH,,15.21,,15.21
74,6/1/2016,4,/R,RENT,,745.20,,745.20
74,6/1/2016,5,/S,SEWER,,14.35,,14.35
74,6/1/2016,6,/T,TRASH,,15.21,,15.21
75,6/1/2016,4,/R,RENT,,760.20,,760.20
75,6/1/2016,5,/S,SEWER,,14.35,,14.35
75,6/1/2016,6,/T,TRASH,,15.21,,15.21
76,6/1/2016,4,/R,RENT,,749.85,,749.85
76,6/1/2016,5,/S,SEWER,,14.35,,14.35
76,6/1/2016,6,/T,TRASH,,15.21,,15.21
77,6/1/2016,4,/R,RENT,,698.92,,698.92
77,6/1/2016,5,/S,SEWER,,14.35,,14.35
77,6/1/2016,6,/T,TRASH,,15.21,,15.21
78,6/1/2016,4,/R,RENT,,760.20,,760.20
78,6/1/2016,5,/S,SEWER,,14.35,,14.35
78,6/1/2016,6,/T,TRASH,,15.21,,15.21
79,6/1/2016,4,/R,RENT,,760.20,,760.20
79,6/1/2016,5,/S,SEWER,,14.35,,14.35
79,6/1/2016,6,/T,TRASH,,15.21,,15.21
8,6/1/2016,4,/R,RENT,,748.10,,748.10
8,6/1/2016,5,/S,SEWER,,14.35,,14.35
8,6/1/2016,6,/T,TRASH,,15.21,,15.21
80,6/1/2016,4,/R,RENT,,748.10,,748.10
80,6/1/2016,5,/S,SEWER,,14.35,,14.35
80,6/1/2016,6,/T,TRASH,,15.21,,15.21
81,6/1/2016,4,/R,RENT,,748.10,,748.10
81,6/1/2016,5,/S,SEWER,,14.35,,14.35
81,6/1/2016,6,/T,TRASH,,15.21,,15.21
82,6/1/2016,4,/R,RENT,,748.10,,748.10
82,6/1/2016,5,/S,SEWER,,14.35,,14.35
82,6/1/2016,6,/T,TRASH,,15.21,,15.21
83,6/1/2016,4,/R,RENT,,739.26,,739.26
83,6/1/2016,5,/S,SEWER,,14.35,,14.35
83,6/1/2016,6,/T,TRASH,,15.21,,15.21
84,6/1/2016,4,/R,RENT,,760.20,,760.20
84,6/1/2016,5,/S,SEWER,,14.35,,14.35
84,6/1/2016,6,/T,TRASH,,15.21,,15.21
85,6/1/2016,4,/R,RENT,,748.10,,748.10
85,6/1/2016,5,/S,SEWER,,14.35,,14.35
85,6/1/2016,6,/T,TRASH,,15.21,,15.21
86,6/1/2016,4,/R,RENT,,748.10,,748.10
86,6/1/2016,5,/S,SEWER,,14.35,,14.35
86,6/1/2016,6,/T,TRASH,,15.21,,15.21
87,6/1/2016,4,/R,RENT,,748.10,,748.10
87,6/1/2016,5,/S,SEWER,,14.35,,14.35
87,6/1/2016,6,/T,TRASH,,15.21,,15.21
88,6/1/2016,4,/R,RENT,,748.10,,748.10
88,6/1/2016,5,/S,SEWER,,14.35,,14.35
88,6/1/2016,6,/T,TRASH,,15.21,,15.21
89,6/1/2016,4,/R,RENT,,760.20,,760.20
89,6/1/2016,5,/S,SEWER,,14.35,,14.35
89,6/1/2016,6,/T,TRASH,,15.21,,15.21
9,6/1/2016,4,/R,RENT,,760.20,,760.20
9,6/1/2016,5,/S,SEWER,,14.35,,14.35
9,6/1/2016,6,/T,TRASH,,15.21,,15.21
90,6/1/2016,4,/R,RENT,,760.20,,760.20
90,6/1/2016,5,/S,SEWER,,14.35,,14.35
90,6/1/2016,6,/T,TRASH,,15.21,,15.21
91,6/1/2016,4,/R,RENT,,760.20,,760.20
91,6/1/2016,5,/S,SEWER,,14.35,,14.35
91,6/1/2016,6,/T,TRASH,,15.21,,15.21
92,6/1/2016,4,/R,RENT,,748.10,,748.10
92,6/1/2016,5,/S,SEWER,,14.35,,14.35
92,6/1/2016,6,/T,TRASH,,15.21,,15.21
93,6/1/2016,4,/R,RENT,,748.10,,748.10
93,6/1/2016,5,/S,SEWER,,14.35,,14.35
93,6/1/2016,6,/T,TRASH,,15.21,,15.21
94,6/1/2016,4,/R,RENT,,748.10,,748.10
94,6/1/2016,5,/S,SEWER,,14.35,,14.35
94,6/1/2016,6,/T,TRASH,,15.21,,15.21
95,6/1/2016,4,/R,RENT,,745.29,,745.29
95,6/1/2016,5,/S,SEWER,,14.35,,14.35
95,6/1/2016,6,/T,TRASH,,15.21,,15.21
97,6/1/2016,4,/R,RENT,,760.20,,760.20
97,6/1/2016,5,/S,SEWER,,14.35,,14.35
97,6/1/2016,6,/T,TRASH,,15.21,,15.21
98,6/1/2016,4,/R,RENT,,749.85,,749.85
98,6/1/2016,5,/S,SEWER,,14.35,,14.35
98,6/1/2016,6,/T,TRASH,,15.21,,15.21
99,6/1/2016,4,/R,RENT,,640.74,,640.74
99,6/1/2016,5,/S,SEWER,,14.35,,14.35
99,6/1/2016,6,/T,TRASH,,15.21,,15.21
